,lat,lon,alt,crs,hac,vac,spd,dst,t
0.0,42.406357,-71.074742,4.618099,240.117188,10.0,4.0,0.0,0.0,1510239094000
1.0,42.406357,-71.074742,4.444546,240.117188,10.0,4.0,0.0,0.0,1510239095000
2.0,42.406357,-71.074742,4.424648,240.117188,10.0,4.0,0.0,0.0,1510239096000
3.0,42.406357,-71.074742,4.126949,240.117188,10.0,4.0,0.0,0.0,1510239097000
4.0,42.406357,-71.074742,3.870846,240.117188,10.0,4.0,0.0,0.0,1510239098000
5.0,42.406357,-71.074742,3.538357,240.117188,10.0,4.0,0.0,0.0,1510239099000
6.0,42.406357,-71.074742,3.694546,240.117188,10.0,4.0,0.0,0.0,1510239100000
7.0,42.406357,-71.074742,3.212246,240.117188,10.0,4.0,0.0,0.0,1510239101000
8.0,42.406357,-71.074742,3.433132,240.117188,10.0,4.0,0.0,0.0,1510239102000
9.0,42.406357,-71.074742,3.595913,240.117188,10.0,4.0,0.0,0.0,1510239103000
10.0,42.406357,-71.074742,3.62289,240.117188,10.0,4.0,0.0,0.0,1510239104000
11.0,42.406357,-71.074742,3.527035,240.117188,10.0,3.0,0.0,0.0,1510239105000
12.0,42.406357,-71.074742,3.147701,240.117188,10.0,4.0,0.0,0.0,1510239106000
13.0,42.406357,-71.074742,2.961544,240.117188,10.0,4.0,0.0,0.0,1510239107000
14.0,42.406357,-71.074742,2.473049,46.757812,5.0,4.0,0.0,0.0,1510239108000
15.0,42.406413,-71.074743,2.782009,27.773438,5.0,3.0,0.29,0.0,1510239109000
16.0,42.406446,-71.074739,3.385342,10.898438,5.0,3.0,1.27,0.0,1510239110000
17.0,42.406487,-71.074741,3.570919,345.9375,5.0,3.0,2.93,0.0,1510239111000
18.0,42.406536,-71.074762,3.081631,339.960938,5.0,3.0,4.17,0.0,1510239112000
19.0,42.406584,-71.074807,2.571163,313.945312,5.0,3.0,4.17,0.0,1510239113000
20.0,42.406615,-71.074878,2.622433,267.1875,5.0,3.0,5.02,0.0,1510239114000
21.0,42.406626,-71.074968,2.488369,257.695312,5.0,3.0,6.94,0.0,1510239115000
22.0,42.40662,-71.075065,2.096096,258.046875,5.0,3.0,7.44,0.0,1510239116000
23.0,42.406613,-71.075205,1.84634,261.914062,5.0,3.0,8.01,0.0,1510239117000
24.0,42.406608,-71.075308,1.906612,265.429688,5.0,3.0,8.45,0.0,1510239118000
25.0,42.406611,-71.075422,3.196987,269.648438,5.0,3.0,8.69,0.0,1510239119000
26.0,42.406606,-71.075529,3.215572,270.703125,5.0,3.0,8.8,0.0,1510239120000
27.0,42.406607,-71.075635,3.339809,267.539062,5.0,3.0,8.86,0.0,1510239121000
28.0,42.406603,-71.075742,2.761105,266.835938,5.0,3.0,9.26,0.0,1510239122000
29.0,42.406599,-71.075855,2.369045,266.835938,5.0,3.0,9.25,0.0,1510239123000
30.0,42.406597,-71.075961,2.660854,268.242188,5.0,3.0,8.96,0.0,1510239124000
31.0,42.406599,-71.076056,2.40353,270.0,5.0,3.0,8.23,0.0,1510239125000
32.0,42.406603,-71.076136,3.029934,270.351562,5.0,3.0,7.31,0.0,1510239126000
33.0,42.406595,-71.076221,3.022823,265.78125,5.0,3.0,5.54,0.0,1510239127000
34.0,42.4066,-71.076316,2.859219,272.460938,5.0,3.0,5.67,0.0,1510239128000
35.0,42.406602,-71.076385,3.577816,272.460938,5.0,3.0,5.67,0.0,1510239129000
36.0,42.406606,-71.076417,3.72131,278.085938,5.0,3.0,4.33,0.0,1510239130000
37.0,42.406622,-71.076453,3.34103,281.953125,5.0,3.0,3.76,0.0,1510239131000
38.0,42.406628,-71.076481,2.913235,285.46875,5.0,3.0,2.58,0.0,1510239132000
39.0,42.40664,-71.0765,2.991268,298.828125,5.0,3.0,2.04,0.0,1510239133000
40.0,42.406655,-71.076527,3.055752,303.75,5.0,3.0,2.8,0.0,1510239134000
41.0,42.406695,-71.076565,3.832088,332.578125,5.0,3.0,4.91,0.0,1510239135000
42.0,42.40675,-71.076594,3.708858,357.539062,5.0,3.0,6.23,0.0,1510239136000
43.0,42.406821,-71.076597,4.133663,0.0,5.0,3.0,7.72,0.0,1510239137000
44.0,42.406911,-71.076593,4.003628,358.59375,5.0,3.0,9.49,0.0,1510239138000
45.0,42.407013,-71.076601,4.311184,0.351562,5.0,3.0,10.65,0.0,1510239139000
46.0,42.407116,-71.076597,4.026791,0.351562,5.0,3.0,11.69,0.0,1510239140000
47.0,42.407234,-71.076593,4.145596,0.351562,5.0,3.0,12.24,0.0,1510239141000
48.0,42.407341,-71.076592,3.846127,0.703125,5.0,3.0,12.26,0.0,1510239142000
49.0,42.407448,-71.076585,3.898922,0.351562,5.0,3.0,12.46,0.0,1510239143000
50.0,42.40755,-71.076588,3.844753,359.648438,5.0,3.0,12.13,0.0,1510239144000
51.0,42.40766,-71.076587,3.806026,0.0,5.0,3.0,12.41,0.0,1510239145000
52.0,42.407773,-71.076584,4.70013,0.703125,5.0,3.0,12.89,0.0,1510239146000
53.0,42.407893,-71.076578,4.860226,1.054688,5.0,3.0,13.42,0.0,1510239147000
54.0,42.408022,-71.076568,5.036831,1.757812,5.0,3.0,14.29,0.0,1510239148000
55.0,42.40815,-71.076566,4.724483,1.757812,5.0,3.0,14.62,0.0,1510239149000
56.0,42.408282,-71.076559,4.446774,1.40625,5.0,3.0,14.89,0.0,1510239150000
57.0,42.408413,-71.076555,3.93005,0.703125,5.0,3.0,14.74,0.0,1510239151000
58.0,42.408546,-71.076554,4.395565,0.351562,5.0,3.0,14.37,0.0,1510239152000
59.0,42.408669,-71.076552,4.718014,1.054688,5.0,3.0,14.12,0.0,1510239153000
60.0,42.408797,-71.076549,4.760525,1.757812,5.0,3.0,13.97,0.0,1510239154000
61.0,42.408927,-71.076542,4.755001,1.757812,5.0,3.0,14.12,0.0,1510239155000
62.0,42.409053,-71.076537,4.648403,1.757812,5.0,3.0,14.23,0.0,1510239156000
63.0,42.409176,-71.076536,5.104244,2.109375,5.0,3.0,14.2,0.0,1510239157000
64.0,42.409305,-71.07653,5.180477,1.40625,5.0,3.0,14.1,0.0,1510239158000
65.0,42.409426,-71.076528,4.95779,1.40625,5.0,3.0,13.84,0.0,1510239159000
66.0,42.40955,-71.076524,5.049129,1.40625,5.0,3.0,13.84,0.0,1510239160000
67.0,42.409677,-71.076515,5.214077,1.40625,5.0,3.0,13.87,0.0,1510239161000
68.0,42.409808,-71.076515,5.227749,0.703125,5.0,3.0,13.96,0.0,1510239162000
69.0,42.409933,-71.076511,5.002499,1.40625,5.0,3.0,13.93,0.0,1510239163000
70.0,42.410049,-71.07651,4.825527,1.757812,5.0,3.0,13.91,0.0,1510239164000
71.0,42.410167,-71.076507,5.011135,1.757812,5.0,3.0,13.79,0.0,1510239165000
72.0,42.410297,-71.076503,5.314266,0.351562,5.0,3.0,13.84,0.0,1510239166000
73.0,42.410421,-71.076499,5.517574,358.945312,5.0,3.0,14.15,0.0,1510239167000
74.0,42.410561,-71.076498,5.689419,359.296875,5.0,3.0,14.17,0.0,1510239168000
75.0,42.410679,-71.076499,5.699123,0.0,5.0,3.0,14.13,0.0,1510239169000
76.0,42.410804,-71.076496,5.720303,0.351562,5.0,3.0,14.13,0.0,1510239170000
77.0,42.410932,-71.076493,5.743069,0.351562,5.0,3.0,14.29,0.0,1510239171000
78.0,42.411062,-71.076489,5.555599,0.351562,5.0,3.0,14.01,0.0,1510239172000
79.0,42.411185,-71.076493,5.497646,0.0,5.0,3.0,14.2,0.0,1510239173000
80.0,42.411326,-71.076489,5.383572,0.0,5.0,3.0,14.47,0.0,1510239174000
81.0,42.411463,-71.076486,5.159054,0.351562,5.0,3.0,14.44,0.0,1510239175000
82.0,42.411599,-71.07648,4.899624,1.054688,5.0,3.0,14.41,0.0,1510239176000
83.0,42.411727,-71.076482,4.627651,0.351562,5.0,4.0,14.34,0.0,1510239177000
84.0,42.411852,-71.07648,4.765041,0.0,5.0,4.0,14.32,0.0,1510239178000
85.0,42.411983,-71.076478,5.228237,359.648438,5.0,4.0,14.3,0.0,1510239179000
86.0,42.412118,-71.076482,5.488613,359.296875,5.0,3.0,14.41,0.0,1510239180000
87.0,42.412243,-71.076487,5.251247,0.0,5.0,3.0,14.53,0.0,1510239181000
88.0,42.412377,-71.076488,5.249752,0.351562,5.0,3.0,14.73,0.0,1510239182000
89.0,42.412505,-71.076489,5.188076,0.351562,5.0,3.0,14.82,0.0,1510239183000
90.0,42.412641,-71.076489,5.21072,0.0,5.0,3.0,14.73,0.0,1510239184000
91.0,42.412776,-71.076492,5.194668,0.0,5.0,3.0,14.56,0.0,1510239185000
92.0,42.412909,-71.076487,4.781338,0.0,5.0,3.0,14.48,0.0,1510239186000
93.0,42.41304,-71.076487,4.974667,0.0,5.0,3.0,14.14,0.0,1510239187000
94.0,42.413168,-71.076485,4.634731,0.703125,5.0,3.0,14.69,0.0,1510239188000
95.0,42.413296,-71.07648,4.665035,1.40625,5.0,3.0,14.71,0.0,1510239189000
96.0,42.413427,-71.07647,4.694668,2.8125,5.0,3.0,14.79,0.0,1510239190000
97.0,42.413562,-71.076458,4.917202,6.679688,5.0,3.0,14.86,0.0,1510239191000
98.0,42.413701,-71.076434,5.017483,10.898438,5.0,3.0,14.95,0.0,1510239192000
99.0,42.413835,-71.076402,5.284573,13.359375,5.0,3.0,14.76,0.0,1510239193000
100.0,42.413961,-71.076363,5.493435,15.46875,5.0,3.0,14.6,0.0,1510239194000
101.0,42.41409,-71.076319,5.492275,17.226562,5.0,3.0,14.53,0.0,1510239195000
102.0,42.414217,-71.07627,5.589687,17.226562,5.0,3.0,14.49,0.0,1510239196000
103.0,42.41435,-71.076223,5.839901,16.875,5.0,3.0,14.39,0.0,1510239197000
104.0,42.414471,-71.076178,6.376278,16.875,5.0,3.0,14.36,0.0,1510239198000
105.0,42.414598,-71.076129,6.085079,16.523438,5.0,3.0,14.37,0.0,1510239199000
106.0,42.414723,-71.076081,5.721188,16.171875,5.0,3.0,14.48,0.0,1510239200000
107.0,42.414845,-71.076032,5.474819,16.171875,5.0,3.0,14.24,0.0,1510239201000
108.0,42.414972,-71.075985,5.317562,15.820312,5.0,3.0,14.44,0.0,1510239202000
109.0,42.415099,-71.075934,5.143276,16.171875,5.0,3.0,14.32,0.0,1510239203000
110.0,42.415226,-71.075884,5.067959,16.171875,5.0,3.0,14.19,0.0,1510239204000
111.0,42.415343,-71.07584,4.607906,15.820312,5.0,3.0,14.22,0.0,1510239205000
112.0,42.415473,-71.075792,4.644802,14.0625,5.0,3.0,14.36,0.0,1510239206000
113.0,42.4156,-71.075757,4.478024,10.195312,5.0,3.0,14.7,0.0,1510239207000
114.0,42.415725,-71.075729,4.416714,7.382812,5.0,3.0,14.82,0.0,1510239208000
115.0,42.415863,-71.075706,4.416744,3.164062,5.0,3.0,14.92,0.0,1510239209000
116.0,42.415993,-71.075692,4.457882,359.648438,5.0,3.0,14.85,0.0,1510239210000
117.0,42.416123,-71.07569,4.599026,357.539062,5.0,3.0,14.77,0.0,1510239211000
118.0,42.416252,-71.075694,5.00555,357.1875,5.0,3.0,14.74,0.0,1510239212000
119.0,42.416385,-71.075698,5.44067,357.539062,5.0,3.0,14.57,0.0,1510239213000
120.0,42.416506,-71.075703,5.25848,357.890625,5.0,3.0,14.08,0.0,1510239214000
121.0,42.416639,-71.0757,4.996639,358.945312,5.0,3.0,14.53,0.0,1510239215000
122.0,42.416768,-71.075693,4.932369,359.296875,5.0,3.0,14.25,0.0,1510239216000
123.0,42.416894,-71.075696,4.645657,359.296875,5.0,3.0,13.84,0.0,1510239217000
124.0,42.417014,-71.075695,4.538448,0.0,5.0,3.0,12.98,0.0,1510239218000
125.0,42.417118,-71.075695,4.653469,0.351562,5.0,3.0,11.91,0.0,1510239219000
126.0,42.417216,-71.075693,4.541164,0.351562,5.0,3.0,10.92,0.0,1510239220000
127.0,42.417309,-71.075691,4.277767,0.0,5.0,3.0,9.63,0.0,1510239221000
128.0,42.417381,-71.075686,4.124386,0.0,5.0,3.0,8.35,0.0,1510239222000
129.0,42.417439,-71.075684,4.66058,0.0,5.0,3.0,6.52,0.0,1510239223000
130.0,42.417481,-71.075682,4.491573,0.0,5.0,3.0,4.57,0.0,1510239224000
131.0,42.417508,-71.075683,4.090542,0.351562,5.0,3.0,2.58,0.0,1510239225000
132.0,42.417516,-71.075679,3.889523,0.351562,5.0,3.0,1.12,0.0,1510239226000
133.0,42.417516,-71.075677,3.906734,0.351562,5.0,3.0,0.3,0.0,1510239227000
134.0,42.417516,-71.075677,3.591305,0.703125,5.0,3.0,0.0,0.0,1510239228000
135.0,42.417516,-71.075677,3.356808,0.703125,5.0,3.0,0.0,0.0,1510239229000
136.0,42.417516,-71.075677,3.408718,0.703125,5.0,3.0,0.0,0.0,1510239230000
137.0,42.417516,-71.075677,3.366604,0.703125,5.0,3.0,0.0,0.0,1510239231000
138.0,42.417516,-71.075677,3.236721,0.703125,5.0,3.0,0.0,0.0,1510239232000
139.0,42.417516,-71.075677,3.199276,0.703125,5.0,3.0,0.0,0.0,1510239233000
140.0,42.417516,-71.075677,3.230984,0.703125,5.0,3.0,0.0,0.0,1510239234000
141.0,42.417516,-71.075677,3.138943,0.703125,5.0,3.0,0.0,0.0,1510239235000
142.0,42.417516,-71.075677,3.261654,0.703125,5.0,3.0,0.0,0.0,1510239236000
143.0,42.417516,-71.075677,3.203671,0.703125,5.0,3.0,0.0,0.0,1510239237000
144.0,42.417516,-71.075677,3.001308,0.703125,5.0,3.0,0.0,0.0,1510239238000
145.0,42.417516,-71.075677,3.048,0.703125,5.0,3.0,0.0,0.0,1510239239000
146.0,42.417516,-71.075677,3.104519,1.054688,5.0,3.0,0.0,0.0,1510239240000
147.0,42.417516,-71.075677,3.073055,1.054688,5.0,3.0,0.0,0.0,1510239241000
148.0,42.417516,-71.075677,3.088589,1.054688,5.0,3.0,0.0,0.0,1510239242000
149.0,42.417516,-71.075677,3.05566,1.054688,5.0,3.0,0.0,0.0,1510239243000
150.0,42.417516,-71.075677,3.012356,1.054688,5.0,3.0,0.0,0.0,1510239244000
151.0,42.417516,-71.075677,3.001492,1.054688,5.0,3.0,0.0,0.0,1510239245000
152.0,42.417516,-71.075677,3.007412,1.054688,5.0,3.0,0.0,0.0,1510239246000
153.0,42.417516,-71.075677,3.014889,1.054688,5.0,3.0,0.0,0.0,1510239247000
154.0,42.417516,-71.075677,2.981716,1.054688,5.0,3.0,0.0,0.0,1510239248000
155.0,42.417516,-71.075677,3.01907,1.054688,5.0,3.0,0.0,0.0,1510239249000
156.0,42.417516,-71.075677,3.098873,1.054688,5.0,3.0,0.0,0.0,1510239250000
157.0,42.417516,-71.075677,3.190029,1.054688,5.0,4.0,0.0,0.0,1510239251000
158.0,42.417516,-71.075677,3.251919,1.054688,5.0,4.0,0.0,0.0,1510239252000
159.0,42.417516,-71.075677,3.258602,1.054688,5.0,4.0,0.0,0.0,1510239253000
160.0,42.417516,-71.075677,3.326565,1.054688,5.0,4.0,0.0,0.0,1510239254000
161.0,42.417516,-71.075677,3.338253,1.054688,5.0,4.0,0.0,0.0,1510239255000
162.0,42.417516,-71.075677,3.361324,1.054688,5.0,4.0,0.0,0.0,1510239256000
163.0,42.417516,-71.075677,3.339321,1.054688,5.0,4.0,0.0,0.0,1510239257000
164.0,42.417516,-71.075677,3.362484,1.054688,5.0,4.0,0.0,0.0,1510239258000
165.0,42.417516,-71.075677,3.349148,1.054688,5.0,4.0,0.0,0.0,1510239259000
166.0,42.417516,-71.075677,3.321377,1.054688,5.0,4.0,0.0,0.0,1510239260000
167.0,42.417516,-71.075677,3.377956,1.054688,5.0,4.0,0.0,0.0,1510239261000
168.0,42.417516,-71.075677,3.27499,1.054688,5.0,4.0,0.0,0.0,1510239262000
169.0,42.417516,-71.075677,3.367794,1.054688,5.0,4.0,0.0,0.0,1510239263000
170.0,42.417516,-71.075677,3.364529,1.054688,5.0,4.0,0.0,0.0,1510239264000
171.0,42.417516,-71.075677,3.38525,1.054688,5.0,4.0,0.0,0.0,1510239265000
172.0,42.417516,-71.075677,3.316311,1.054688,5.0,4.0,0.0,0.0,1510239266000
173.0,42.417516,-71.075677,3.364071,1.054688,5.0,4.0,0.0,0.0,1510239267000
174.0,42.417516,-71.075677,3.470486,1.054688,5.0,4.0,0.0,0.0,1510239268000
175.0,42.417516,-71.075677,3.497494,1.054688,5.0,4.0,0.0,0.0,1510239269000
176.0,42.417516,-71.075677,3.352322,1.054688,5.0,4.0,0.0,0.0,1510239270000
177.0,42.417516,-71.075677,3.321835,1.054688,5.0,4.0,0.0,0.0,1510239271000
178.0,42.417516,-71.075677,3.392788,1.054688,5.0,4.0,0.0,0.0,1510239272000
179.0,42.417516,-71.075677,3.338833,1.054688,5.0,4.0,0.0,0.0,1510239273000
180.0,42.417516,-71.075677,3.373745,1.054688,5.0,4.0,0.0,0.0,1510239274000
181.0,42.417516,-71.075677,3.381832,1.054688,5.0,4.0,0.0,0.0,1510239275000
181.256,42.417516,-71.075677,3.381832,1.054688,5.0,4.0,0.0,0.0,1510239275256
182.0,42.417516,-71.075677,3.295773,1.054688,5.0,4.0,0.0,0.0,1510239276000
183.0,42.417516,-71.075677,3.363735,1.054688,5.0,4.0,0.0,0.0,1510239277000
184.0,42.417516,-71.075677,3.519161,1.054688,5.0,4.0,0.0,0.0,1510239278000
185.0,42.417516,-71.075677,3.489529,1.054688,5.0,4.0,0.0,0.0,1510239279000
186.0,42.417516,-71.075677,3.47784,1.054688,5.0,4.0,0.0,0.0,1510239280000
187.0,42.417516,-71.075677,3.545681,1.054688,5.0,4.0,0.0,0.0,1510239281000
188.0,42.417516,-71.075677,3.587337,1.054688,5.0,4.0,0.0,0.0,1510239282000
189.0,42.417516,-71.075677,3.546719,1.054688,5.0,4.0,0.0,0.0,1510239283000
190.0,42.417516,-71.075677,3.596279,1.054688,5.0,4.0,0.0,0.0,1510239284000
191.0,42.417516,-71.075677,3.6506,1.054688,5.0,4.0,0.0,0.0,1510239285000
192.0,42.417516,-71.075677,3.668606,1.054688,5.0,4.0,0.0,0.0,1510239286000
193.0,42.417516,-71.075677,3.678219,1.054688,5.0,4.0,0.0,0.0,1510239287000
194.0,42.417516,-71.075677,3.57217,1.054688,5.0,4.0,0.0,0.0,1510239288000
195.0,42.417516,-71.075677,3.592648,1.054688,5.0,4.0,0.0,0.0,1510239289000
196.0,42.417516,-71.075677,3.634518,1.054688,5.0,4.0,0.0,0.0,1510239290000
197.0,42.417516,-71.075677,3.643856,1.054688,5.0,4.0,0.0,0.0,1510239291000
198.0,42.417516,-71.075677,3.595791,1.054688,5.0,4.0,0.0,0.0,1510239292000
199.0,42.417516,-71.075677,3.592525,1.054688,5.0,4.0,0.0,0.0,1510239293000
200.0,42.417516,-71.075677,3.650692,1.054688,5.0,4.0,0.0,0.0,1510239294000
201.0,42.417516,-71.075677,3.596615,1.054688,5.0,4.0,0.0,0.0,1510239295000
202.0,42.417516,-71.075677,3.630703,1.054688,5.0,4.0,0.0,0.0,1510239296000
203.0,42.417516,-71.075677,3.51672,1.054688,5.0,4.0,0.0,0.0,1510239297000
204.0,42.417516,-71.075677,3.634121,1.054688,5.0,4.0,0.0,0.0,1510239298000
205.0,42.417516,-71.075677,3.527187,1.054688,5.0,4.0,0.0,0.0,1510239299000
206.0,42.417516,-71.075677,3.477993,1.054688,5.0,4.0,0.0,0.0,1510239300000
207.0,42.417516,-71.075677,3.536861,1.054688,5.0,4.0,0.0,0.0,1510239301000
208.0,42.417516,-71.075677,3.507168,1.054688,5.0,4.0,0.0,0.0,1510239302000
209.0,42.417516,-71.075677,3.636776,1.054688,5.0,4.0,0.0,0.0,1510239303000
210.0,42.417516,-71.075677,3.648952,1.054688,5.0,4.0,0.0,0.0,1510239304000
211.0,42.417516,-71.075677,3.781734,1.054688,5.0,4.0,0.0,0.0,1510239305000
212.0,42.417516,-71.075677,3.842617,1.054688,5.0,4.0,0.0,0.0,1510239306000
213.0,42.417516,-71.075677,3.70126,1.054688,5.0,4.0,0.0,0.0,1510239307000
214.0,42.417516,-71.075677,3.740383,1.054688,5.0,4.0,0.0,0.0,1510239308000
215.0,42.417516,-71.075677,3.6134,1.054688,5.0,4.0,0.0,0.0,1510239309000
216.0,42.417516,-71.075677,3.646389,1.054688,5.0,4.0,0.0,0.0,1510239310000
217.0,42.417513,-71.075677,3.681667,1.054688,5.0,4.0,0.31,0.0,1510239311000
218.0,42.417516,-71.075679,3.717953,358.945312,5.0,4.0,0.36,0.0,1510239312000
219.0,42.41754,-71.075675,3.832729,345.9375,5.0,4.0,2.42,0.0,1510239313000
220.0,42.417565,-71.075688,4.037258,324.140625,5.0,4.0,3.11,0.0,1510239314000
221.0,42.417599,-71.075755,2.686062,306.914062,5.0,4.0,6.44,0.0,1510239315000
222.0,42.417616,-71.07583,2.514156,293.203125,5.0,4.0,7.68,0.0,1510239316000
223.0,42.417644,-71.075923,3.172634,273.867188,5.0,4.0,7.92,0.0,1510239317000
224.0,42.417644,-71.076045,2.962917,270.0,5.0,4.0,9.22,0.0,1510239318000
225.0,42.417654,-71.076166,2.234707,268.945312,5.0,4.0,10.17,0.0,1510239319000
226.0,42.417652,-71.076295,2.983364,268.945312,5.0,4.0,10.83,0.0,1510239320000
227.0,42.417655,-71.076423,2.943569,268.945312,5.0,4.0,10.73,0.0,1510239321000
228.0,42.417653,-71.076554,3.157864,269.296875,5.0,4.0,10.72,0.0,1510239322000
229.0,42.417656,-71.076703,2.726803,270.0,5.0,4.0,11.62,0.0,1510239323000
230.0,42.417657,-71.076847,2.339138,270.0,5.0,4.0,12.01,0.0,1510239324000
231.0,42.417659,-71.076996,1.268856,270.0,5.0,4.0,12.21,0.0,1510239325000
232.0,42.41767,-71.077145,1.627102,271.054688,5.0,4.0,11.7,0.0,1510239326000
233.0,42.417672,-71.077285,1.052029,271.40625,5.0,4.0,11.38,0.0,1510239327000
234.0,42.417668,-71.077415,1.207027,270.351562,5.0,4.0,10.84,0.0,1510239328000
235.0,42.417675,-71.077548,0.940365,270.0,5.0,4.0,10.83,0.0,1510239329000
236.0,42.417673,-71.077682,2.562679,270.351562,5.0,4.0,10.7,0.0,1510239330000
237.0,42.417671,-71.077812,2.476864,270.351562,5.0,4.0,10.69,0.0,1510239331000
238.0,42.417665,-71.077932,3.45834,271.054688,5.0,4.0,10.86,0.0,1510239332000
239.0,42.417662,-71.07806,3.599941,269.296875,5.0,4.0,10.86,0.0,1510239333000
240.0,42.417665,-71.07819,3.550411,269.648438,5.0,4.0,10.57,0.0,1510239334000
241.0,42.417666,-71.07832,3.324551,270.0,5.0,4.0,10.39,0.0,1510239335000
242.0,42.417666,-71.07845,2.6535,269.296875,5.0,4.0,10.29,0.0,1510239336000
243.0,42.417668,-71.078573,2.355953,270.351562,5.0,4.0,9.96,0.0,1510239337000
244.0,42.417667,-71.078698,3.633205,271.054688,5.0,4.0,9.66,0.0,1510239338000
245.0,42.417665,-71.078813,3.316921,271.054688,5.0,4.0,9.22,0.0,1510239339000
246.0,42.417666,-71.078917,4.111599,271.757812,5.0,4.0,8.43,0.0,1510239340000
247.0,42.417664,-71.079014,4.073818,271.757812,5.0,4.0,7.61,0.0,1510239341000
248.0,42.417667,-71.079102,3.153896,271.054688,5.0,4.0,6.72,0.0,1510239342000
249.0,42.417667,-71.079172,3.019497,270.351562,5.0,4.0,5.43,0.0,1510239343000
250.0,42.417664,-71.079224,0.464291,269.296875,5.0,4.0,4.13,0.0,1510239344000
251.0,42.417665,-71.079268,-0.067814,271.757812,5.0,4.0,3.05,0.0,1510239345000
252.0,42.417665,-71.079301,-1.010593,266.484375,5.0,4.0,1.84,0.0,1510239346000
253.0,42.417666,-71.079324,-1.721043,271.40625,5.0,4.0,0.77,0.0,1510239347000
254.0,42.417663,-71.079332,-2.468784,261.210938,5.0,4.0,0.19,0.0,1510239348000
255.0,42.417665,-71.079337,-3.118015,312.890625,5.0,4.0,0.83,0.0,1510239349000
256.0,42.41767,-71.079337,-2.992893,279.84375,5.0,6.0,0.78,0.0,1510239350000
257.0,42.417691,-71.079358,2.34396,271.757812,5.0,4.0,0.78,0.0,1510239351000
258.0,42.417699,-71.079356,2.401608,271.757812,5.0,4.0,0.63,0.0,1510239352000
259.0,42.4177,-71.079356,-3.566441,325.546875,5.0,4.0,0.6,0.0,1510239353000
260.0,42.417701,-71.079354,-3.301487,323.789062,5.0,4.0,0.5,0.0,1510239354000
261.0,42.417709,-71.079347,-3.626774,324.140625,5.0,4.0,0.65,0.0,1510239355000
262.0,42.417692,-71.07936,3.11993,271.757812,5.0,6.0,0.18,0.0,1510239356000
263.0,42.417697,-71.079363,2.983547,271.757812,5.0,6.0,0.18,0.0,1510239357000
264.0,42.417698,-71.079362,-0.177677,271.757812,5.0,6.0,0.16,0.0,1510239358000
265.0,42.417698,-71.079362,0.079952,324.140625,5.0,6.0,0.0,0.0,1510239359000
266.0,42.417698,-71.079362,3.45834,271.757812,5.0,6.0,0.0,0.0,1510239360000
267.0,42.417698,-71.079362,3.356411,271.757812,5.0,6.0,0.0,0.0,1510239361000
268.0,42.417698,-71.079362,4.106167,271.757812,5.0,6.0,0.0,0.0,1510239362000
269.0,42.417698,-71.079362,4.041866,271.757812,5.0,6.0,0.0,0.0,1510239363000
270.0,42.417698,-71.079362,0.057247,271.757812,5.0,6.0,0.0,0.0,1510239364000
271.0,42.417698,-71.079362,3.945461,271.757812,5.0,6.0,0.0,0.0,1510239365000
272.0,42.417698,-71.079362,3.702145,271.757812,5.0,6.0,0.0,0.0,1510239366000
273.0,42.417698,-71.079362,3.933285,271.757812,5.0,6.0,0.0,0.0,1510239367000
274.0,42.417698,-71.079362,3.871761,271.757812,5.0,6.0,0.0,0.0,1510239368000
275.0,42.417698,-71.079362,-0.706364,271.757812,5.0,6.0,0.0,0.0,1510239369000
276.0,42.417698,-71.079362,4.195492,271.757812,5.0,6.0,0.0,0.0,1510239370000
277.0,42.417698,-71.079362,3.96896,271.757812,5.0,6.0,0.0,0.0,1510239371000
278.0,42.417698,-71.079362,-0.077763,271.757812,5.0,6.0,0.0,0.0,1510239372000
279.0,42.417698,-71.079362,4.294399,271.757812,5.0,6.0,0.0,0.0,1510239373000
280.0,42.417698,-71.079362,4.235378,271.757812,5.0,6.0,0.0,0.0,1510239374000
281.0,42.417698,-71.079362,-0.015141,271.757812,5.0,6.0,0.0,0.0,1510239375000
282.0,42.417707,-71.079356,3.774044,271.757812,5.0,6.0,0.24,0.0,1510239376000
283.0,42.417707,-71.079362,3.704464,271.757812,5.0,6.0,0.63,0.0,1510239377000
284.0,42.417712,-71.079377,2.404324,271.054688,5.0,6.0,2.16,0.0,1510239378000
285.0,42.417711,-71.079418,2.191616,270.703125,5.0,6.0,3.77,0.0,1510239379000
286.0,42.417714,-71.07948,0.089626,270.703125,5.0,6.0,5.11,0.0,1510239380000
287.0,42.417711,-71.079546,1.87112,270.351562,5.0,6.0,6.26,0.0,1510239381000
288.0,42.417711,-71.079625,1.746578,270.351562,5.0,6.0,6.35,0.0,1510239382000
289.0,42.41771,-71.079713,0.946255,270.351562,5.0,6.0,7.26,0.0,1510239383000
290.0,42.417709,-71.079808,0.717098,269.648438,5.0,6.0,7.73,0.0,1510239384000
291.0,42.417705,-71.079908,0.704372,269.296875,5.0,4.0,8.4,0.0,1510239385000
292.0,42.417704,-71.080012,0.524258,268.945312,5.0,4.0,8.83,0.0,1510239386000
293.0,42.417702,-71.080125,0.320736,268.945312,5.0,4.0,9.24,0.0,1510239387000
294.0,42.417692,-71.080234,0.329006,268.945312,5.0,4.0,9.1,0.0,1510239388000
295.0,42.417695,-71.080339,1.148281,268.945312,5.0,4.0,7.97,0.0,1510239389000
296.0,42.417696,-71.080424,0.935726,270.351562,5.0,4.0,5.76,0.0,1510239390000
297.0,42.417696,-71.080476,1.030727,271.40625,5.0,4.0,3.69,0.0,1510239391000
298.0,42.417696,-71.080498,0.334805,271.757812,5.0,4.0,1.11,0.0,1510239392000
299.0,42.417696,-71.080498,0.161739,271.757812,5.0,4.0,0.0,0.0,1510239393000
300.0,42.417696,-71.080498,1.081448,271.757812,5.0,3.0,0.0,0.0,1510239394000
301.0,42.417696,-71.080498,1.335964,271.757812,5.0,4.0,0.0,0.0,1510239395000
302.0,42.417696,-71.080498,1.246517,271.757812,5.0,4.0,0.0,0.0,1510239396000
303.0,42.417696,-71.080498,1.02853,271.757812,5.0,4.0,0.0,0.0,1510239397000
304.0,42.417696,-71.080498,0.954769,271.757812,5.0,4.0,0.0,0.0,1510239398000
305.0,42.417696,-71.080498,1.125027,271.757812,5.0,4.0,0.0,0.0,1510239399000
306.0,42.417696,-71.080498,1.498409,272.109375,5.0,4.0,0.0,0.0,1510239400000
307.0,42.417696,-71.080498,1.398739,272.109375,5.0,4.0,0.0,0.0,1510239401000
308.0,42.417696,-71.080498,1.199673,272.109375,5.0,4.0,0.0,0.0,1510239402000
309.0,42.417696,-71.080498,1.112545,272.109375,5.0,4.0,0.0,0.0,1510239403000
310.0,42.417696,-71.080498,1.257229,272.109375,10.0,4.0,0.0,0.0,1510239404000
311.0,42.417696,-71.080498,2.275967,272.109375,10.0,6.0,0.0,0.0,1510239405000
312.0,42.417696,-71.080498,2.435452,272.109375,10.0,6.0,0.0,0.0,1510239406000
313.0,42.417696,-71.080498,3.380154,272.109375,10.0,6.0,0.0,0.0,1510239407000
314.0,42.417696,-71.080498,3.333614,272.109375,10.0,6.0,0.0,0.0,1510239408000
315.0,42.417696,-71.080498,2.469234,272.109375,10.0,6.0,0.0,0.0,1510239409000
316.0,42.417696,-71.080498,3.656918,272.109375,5.0,4.0,0.0,0.0,1510239410000
317.0,42.417696,-71.080498,3.333645,272.109375,5.0,4.0,0.0,0.0,1510239411000
318.0,42.417696,-71.080498,3.176418,272.109375,5.0,4.0,0.0,0.0,1510239412000
319.0,42.417696,-71.080498,1.984249,271.757812,10.0,4.0,0.0,0.0,1510239413000
320.0,42.417696,-71.080498,1.964443,271.757812,10.0,6.0,0.0,0.0,1510239414000
321.0,42.417696,-71.080498,3.804012,271.757812,10.0,4.0,0.0,0.0,1510239415000
322.0,42.417696,-71.080498,3.646816,271.757812,10.0,6.0,0.0,0.0,1510239416000
323.0,42.417696,-71.080498,3.389492,271.757812,10.0,6.0,0.0,0.0,1510239417000
324.0,42.417696,-71.080498,3.333645,271.757812,10.0,6.0,0.0,0.0,1510239418000
325.0,42.417696,-71.080498,3.212826,271.757812,10.0,4.0,0.0,0.0,1510239419000
326.0,42.417696,-71.080498,3.160061,271.757812,10.0,4.0,0.0,0.0,1510239420000
327.0,42.417696,-71.080498,3.361874,271.757812,10.0,4.0,0.0,0.0,1510239421000
328.0,42.417696,-71.080498,3.310329,271.757812,10.0,6.0,0.0,0.0,1510239422000
329.0,42.417696,-71.080498,1.885891,271.757812,10.0,4.0,0.0,0.0,1510239423000
330.0,42.417696,-71.080498,3.492458,271.757812,10.0,4.0,0.0,0.0,1510239424000
331.0,42.417696,-71.080498,3.437099,271.757812,10.0,4.0,0.0,0.0,1510239425000
332.0,42.417696,-71.080498,3.205349,271.757812,10.0,4.0,0.0,0.0,1510239426000
333.0,42.417696,-71.080498,3.351162,271.757812,10.0,4.0,0.0,0.0,1510239427000
334.0,42.417696,-71.080498,3.189663,271.757812,10.0,4.0,0.0,0.0,1510239428000
335.0,42.417696,-71.080498,3.154232,271.757812,10.0,4.0,0.0,0.0,1510239429000
336.0,42.417696,-71.080498,3.098171,271.757812,10.0,4.0,0.0,0.0,1510239430000
337.0,42.417696,-71.080498,2.967037,271.757812,10.0,4.0,0.0,0.0,1510239431000
338.0,42.417696,-71.080498,2.915371,271.757812,10.0,4.0,0.0,0.0,1510239432000
339.0,42.417696,-71.080498,2.857296,271.757812,5.0,4.0,0.0,0.0,1510239433000
340.0,42.417696,-71.080498,2.808804,271.757812,5.0,4.0,0.0,0.0,1510239434000
341.0,42.417696,-71.080498,2.818691,271.757812,5.0,4.0,0.0,0.0,1510239435000
342.0,42.417696,-71.080498,2.773464,271.757812,5.0,4.0,0.0,0.0,1510239436000
343.0,42.417696,-71.080498,2.317654,271.757812,5.0,4.0,0.0,0.0,1510239437000
344.0,42.417696,-71.080498,3.183987,271.757812,5.0,4.0,0.0,0.0,1510239438000
345.0,42.417696,-71.080498,3.133327,271.757812,5.0,4.0,0.0,0.0,1510239439000
346.0,42.417696,-71.080498,3.459866,271.757812,10.0,6.0,0.0,0.0,1510239440000
347.0,42.417696,-71.080498,3.402126,271.757812,10.0,6.0,0.0,0.0,1510239441000
348.0,42.417696,-71.080498,3.385403,271.757812,10.0,4.0,0.0,0.0,1510239442000
349.002,42.417696,-71.080498,3.337917,271.757812,10.0,4.0,0.0,0.0,1510239443002
350.0,42.417696,-71.080498,3.390133,271.40625,10.0,6.0,0.0,0.0,1510239444000
351.0,42.417696,-71.080498,3.340359,271.40625,10.0,6.0,0.0,0.0,1510239445000
352.0,42.417696,-71.080498,2.229916,271.40625,5.0,4.0,0.0,0.0,1510239446000
353.0,42.417696,-71.080498,2.284908,271.40625,5.0,4.0,0.0,0.0,1510239447000
354.0,42.417696,-71.080498,3.09988,271.40625,5.0,4.0,0.0,0.0,1510239448000
355.0,42.417696,-71.080498,3.046169,271.40625,5.0,4.0,0.0,0.0,1510239449000
356.0,42.417696,-71.080498,2.904537,271.40625,5.0,4.0,0.0,0.0,1510239450000
357.0,42.417696,-71.080498,2.853878,271.40625,5.0,4.0,0.0,0.0,1510239451000
358.0,42.417696,-71.080498,2.948299,271.40625,5.0,4.0,0.0,0.0,1510239452000
359.0,42.417696,-71.080498,2.897976,271.40625,5.0,4.0,0.0,0.0,1510239453000
360.0,42.417688,-71.080513,1.620022,271.757812,5.0,4.0,0.54,0.0,1510239454000
361.0,42.417688,-71.080526,1.767849,271.757812,5.0,4.0,1.2,0.0,1510239455000
362.0,42.41769,-71.080548,1.746487,277.734375,5.0,4.0,2.39,0.0,1510239456000
363.0,42.417696,-71.080575,1.522976,292.851562,5.0,4.0,2.79,0.0,1510239457000
364.0,42.417715,-71.080603,1.679317,320.625,5.0,4.0,3.41,0.0,1510239458000
365.0,42.417746,-71.080624,1.739956,336.445312,5.0,4.0,4.0,0.0,1510239459000
366.0,42.417789,-71.080647,2.52264,341.015625,5.0,4.0,4.54,0.0,1510239460000
367.0,42.417854,-71.080681,4.279202,341.71875,5.0,6.0,6.53,0.0,1510239461000
368.0,42.417927,-71.080713,4.07272,342.773438,5.0,3.0,7.62,0.0,1510239462000
369.0,42.417991,-71.080744,4.585171,342.421875,5.0,3.0,7.93,0.0,1510239463000
370.0,42.418077,-71.080772,3.739071,343.828125,5.0,3.0,8.79,0.0,1510239464000
371.0,42.418156,-71.080801,3.490566,343.476562,5.0,3.0,9.04,0.0,1510239465000
372.0,42.418244,-71.080837,3.93362,343.125,5.0,3.0,9.47,0.0,1510239466000
373.0,42.418311,-71.080867,4.222042,342.773438,10.0,3.0,9.47,0.0,1510239467000
374.0,42.418393,-71.080902,4.038662,343.476562,10.0,3.0,9.57,0.0,1510239468000
375.0,42.418478,-71.08094,4.226803,343.125,10.0,3.0,9.73,0.0,1510239469000
376.0,42.418564,-71.080977,4.089077,343.828125,10.0,4.0,9.71,0.0,1510239470000
377.0,42.41866,-71.081011,3.605312,344.882812,5.0,3.0,9.58,0.0,1510239471000
378.0,42.418745,-71.081043,3.372982,344.882812,5.0,4.0,9.65,0.0,1510239472000
379.0,42.418838,-71.081076,4.005581,345.585938,5.0,3.0,9.94,0.0,1510239473000
380.0,42.418936,-71.081116,4.787716,345.585938,5.0,3.0,10.22,0.0,1510239474000
381.0,42.419024,-71.081146,4.817226,345.234375,5.0,3.0,10.25,0.0,1510239475000
382.0,42.419117,-71.081181,4.487087,344.882812,5.0,3.0,10.15,0.0,1510239476000
383.0,42.419207,-71.08121,4.358547,345.234375,5.0,4.0,9.85,0.0,1510239477000
384.0,42.419292,-71.081244,8.086697,344.882812,5.0,3.0,8.73,0.0,1510239478000
385.0,42.41936,-71.081271,4.244991,344.882812,5.0,3.0,6.88,0.0,1510239479000
386.0,42.41941,-71.081292,4.23193,346.640625,5.0,3.0,5.05,0.0,1510239480000
387.0,42.419441,-71.081305,3.895138,347.695312,5.0,3.0,2.77,0.0,1510239481000
388.0,42.419464,-71.081313,4.348598,347.695312,5.0,3.0,2.05,0.0,1510239482000
389.0,42.419487,-71.08132,4.50256,346.289062,5.0,3.0,2.87,0.0,1510239483000
390.0,42.419521,-71.081336,8.28616,344.882812,5.0,3.0,4.5,0.0,1510239484000
391.0,42.41957,-71.081355,9.299191,343.828125,5.0,3.0,5.79,0.0,1510239485000
392.0,42.419622,-71.081393,4.071224,343.476562,5.0,3.0,6.98,0.0,1510239486000
393.0,42.419688,-71.081416,3.715054,343.476562,5.0,3.0,7.96,0.0,1510239487000
394.0,42.419762,-71.081447,3.971951,343.125,5.0,3.0,8.96,0.0,1510239488000
395.0,42.419841,-71.08148,3.817348,342.773438,5.0,3.0,9.31,0.0,1510239489000
396.0,42.419916,-71.081519,3.893032,341.71875,5.0,3.0,9.52,0.0,1510239490000
397.0,42.419996,-71.081553,3.489559,342.421875,5.0,3.0,9.53,0.0,1510239491000
398.0,42.420074,-71.081581,4.045956,345.234375,5.0,3.0,9.3,0.0,1510239492000
399.0,42.420157,-71.081611,3.953457,345.9375,5.0,4.0,9.54,0.0,1510239493000
400.0,42.420247,-71.081645,4.127987,345.234375,5.0,3.0,9.93,0.0,1510239494000
401.0,42.420333,-71.081677,3.984737,344.882812,5.0,3.0,10.09,0.0,1510239495000
402.0,42.420425,-71.081711,7.527096,344.882812,5.0,3.0,10.27,0.0,1510239496000
403.0,42.420507,-71.081745,4.683163,344.53125,5.0,3.0,10.08,0.0,1510239497000
404.0,42.420595,-71.081779,4.392544,344.53125,5.0,3.0,9.94,0.0,1510239498000
405.0,42.420679,-71.08181,4.83279,344.179688,5.0,3.0,9.64,0.0,1510239499000
406.0,42.420757,-71.081841,4.719692,344.179688,5.0,3.0,8.91,0.0,1510239500000
407.0,42.420828,-71.081865,5.711941,343.828125,5.0,3.0,7.32,0.0,1510239501000
408.0,42.42088,-71.081887,5.839993,343.828125,5.0,3.0,5.57,0.0,1510239502000
409.0,42.42092,-71.081901,7.117702,344.53125,5.0,3.0,3.57,0.0,1510239503000
410.0,42.420942,-71.08191,5.666073,344.53125,5.0,3.0,2.02,0.0,1510239504000
411.0,42.420962,-71.081918,5.51379,344.53125,5.0,3.0,2.15,0.0,1510239505000
412.0,42.420992,-71.081931,6.107815,344.179688,5.0,3.0,3.6,0.0,1510239506000
413.0,42.421033,-71.081949,6.24725,342.773438,5.0,3.0,5.21,0.0,1510239507000
414.0,42.421083,-71.081976,4.779781,342.773438,5.0,3.0,7.24,0.0,1510239508000
415.0,42.42115,-71.082006,4.544979,342.773438,5.0,3.0,8.27,0.0,1510239509000
416.0,42.421233,-71.082036,6.776913,342.773438,5.0,3.0,9.21,0.0,1510239510000
417.0,42.421324,-71.082074,5.272366,342.773438,5.0,3.0,9.46,0.0,1510239511000
418.0,42.421405,-71.082107,5.359737,342.421875,5.0,3.0,9.46,0.0,1510239512000
419.0,42.421487,-71.082144,5.667294,342.070312,5.0,3.0,9.27,0.0,1510239513000
420.0,42.421564,-71.082178,5.814236,341.71875,5.0,3.0,8.75,0.0,1510239514000
421.0,42.421638,-71.082206,5.789822,345.9375,5.0,3.0,8.7,0.0,1510239515000
422.0,42.421714,-71.082234,5.754665,347.34375,5.0,3.0,8.76,0.0,1510239516000
423.0,42.421794,-71.082269,5.683712,343.125,5.0,3.0,9.07,0.0,1510239517000
424.0,42.421876,-71.082309,5.25494,342.070312,5.0,3.0,9.35,0.0,1510239518000
425.0,42.421957,-71.082349,5.273098,341.015625,5.0,3.0,9.72,0.0,1510239519000
426.0,42.422045,-71.082377,5.231136,347.695312,5.0,3.0,9.84,0.0,1510239520000
427.0,42.422132,-71.082387,4.89056,356.484375,10.0,3.0,10.18,0.0,1510239521000
428.0,42.422231,-71.082387,6.019772,1.054688,10.0,4.0,10.61,0.0,1510239522000
429.0,42.422324,-71.08238,4.832363,1.40625,10.0,3.0,10.66,0.0,1510239523000
430.0,42.422425,-71.082376,6.023556,0.703125,10.0,4.0,10.88,0.0,1510239524000
431.0,42.422525,-71.082372,4.839443,0.351562,10.0,3.0,11.02,0.0,1510239525000
432.0,42.422627,-71.08237,5.088161,0.351562,10.0,3.0,11.1,0.0,1510239526000
433.0,42.422711,-71.082375,5.266598,359.648438,10.0,3.0,10.63,0.0,1510239527000
434.0,42.422811,-71.082381,5.436581,359.296875,10.0,3.0,10.71,0.0,1510239528000
435.0,42.422904,-71.082385,5.283932,358.945312,10.0,3.0,10.46,0.0,1510239529000
436.0,42.422997,-71.082392,5.367428,357.1875,10.0,3.0,10.14,0.0,1510239530000
437.0,42.423077,-71.082404,5.577206,354.726562,10.0,4.0,9.41,0.0,1510239531000
438.0,42.423147,-71.082415,5.191799,356.484375,10.0,3.0,8.25,0.0,1510239532000
439.0,42.423203,-71.082411,5.507504,1.054688,10.0,3.0,6.41,0.0,1510239533000
440.0,42.423244,-71.082415,5.336117,359.648438,10.0,3.0,4.88,0.0,1510239534000
441.0,42.423269,-71.082419,5.502834,353.671875,10.0,4.0,3.1,0.0,1510239535000
442.0,42.423285,-71.082421,5.534023,351.914062,10.0,3.0,1.87,0.0,1510239536000
443.0,42.423311,-71.082431,5.343868,349.453125,10.0,3.0,2.66,0.0,1510239537000
444.0,42.423354,-71.082446,4.555569,343.828125,10.0,4.0,4.32,0.0,1510239538000
445.0,42.423406,-71.082468,4.82217,336.09375,10.0,4.0,5.69,0.0,1510239539000
446.0,42.423465,-71.08251,4.955471,327.65625,5.0,4.0,7.07,0.0,1510239540000
447.0,42.423528,-71.082566,5.412258,323.085938,5.0,4.0,8.24,0.0,1510239541000
448.0,42.423599,-71.082637,5.324978,320.976562,5.0,4.0,9.24,0.0,1510239542000
449.0,42.42367,-71.082713,5.698269,320.625,5.0,4.0,10.15,0.0,1510239543000
450.0,42.423744,-71.08279,5.872219,321.328125,5.0,3.0,10.35,0.0,1510239544000
451.0,42.423822,-71.082872,5.73901,320.273438,5.0,3.0,10.64,0.0,1510239545000
452.0,42.4239,-71.082959,5.435329,319.921875,5.0,3.0,10.81,0.0,1510239546000
453.0,42.423976,-71.08304,5.49609,320.625,5.0,3.0,10.87,0.0,1510239547000
454.0,42.424055,-71.083122,5.517483,322.03125,5.0,3.0,10.9,0.0,1510239548000
455.0,42.424134,-71.083201,5.600674,323.4375,5.0,3.0,10.89,0.0,1510239549000
456.0,42.424214,-71.083279,5.663906,324.84375,5.0,3.0,10.74,0.0,1510239550000
457.0,42.424287,-71.083351,5.528286,324.140625,5.0,3.0,10.38,0.0,1510239551000
458.0,42.424358,-71.083428,5.521084,320.625,5.0,3.0,10.18,0.0,1510239552000
459.0,42.424426,-71.08351,5.437771,318.515625,5.0,3.0,10.23,0.0,1510239553000
460.0,42.424497,-71.083597,5.595242,317.109375,5.0,3.0,10.23,0.0,1510239554000
461.0,42.424559,-71.083683,5.527737,315.703125,5.0,3.0,10.23,0.0,1510239555000
462.0,42.424626,-71.083771,5.617031,315.351562,5.0,3.0,10.28,0.0,1510239556000
463.0,42.424701,-71.083858,4.999752,319.570312,5.0,3.0,10.37,0.0,1510239557000
464.0,42.424782,-71.083936,4.821346,323.789062,5.0,3.0,10.61,0.0,1510239558000
465.0,42.424862,-71.084011,5.960506,325.546875,5.0,3.0,10.82,0.0,1510239559000
466.0,42.424944,-71.084086,6.05328,327.304688,5.0,3.0,10.81,0.0,1510239560000
467.0,42.425029,-71.084157,6.033504,328.359375,5.0,3.0,10.68,0.0,1510239561000
468.0,42.4251,-71.084226,6.330257,330.117188,5.0,3.0,10.63,0.0,1510239562000
469.0,42.425177,-71.084294,5.695339,329.765625,5.0,3.0,10.4,0.0,1510239563000
470.0,42.425257,-71.084358,5.850185,329.765625,5.0,3.0,10.46,0.0,1510239564000
471.0,42.425339,-71.084424,5.954983,330.46875,5.0,3.0,10.51,0.0,1510239565000
472.0,42.425414,-71.084485,6.43008,331.523438,5.0,3.0,9.98,0.0,1510239566000
473.0,42.425491,-71.08454,6.510311,332.578125,5.0,3.0,9.4,0.0,1510239567000
474.0,42.425564,-71.084594,6.905117,332.226562,5.0,3.0,8.35,0.0,1510239568000
475.0,42.425623,-71.084636,6.13348,332.226562,5.0,3.0,6.8,0.0,1510239569000
476.0,42.425671,-71.084669,7.30682,335.390625,5.0,3.0,4.85,0.0,1510239570000
477.0,42.425701,-71.084686,7.310757,341.71875,5.0,3.0,3.31,0.0,1510239571000
478.0,42.425716,-71.084692,7.078243,349.101562,5.0,3.0,1.21,0.0,1510239572000
479.0,42.425728,-71.084693,7.218838,352.617188,5.0,3.0,1.05,0.0,1510239573000
480.0,42.425742,-71.084692,7.028713,5.625,5.0,3.0,2.35,0.0,1510239574000
481.0,42.425761,-71.084677,7.179775,35.507812,5.0,3.0,3.2,0.0,1510239575000
482.0,42.425786,-71.08464,7.258053,63.28125,5.0,3.0,4.25,0.0,1510239576000
483.0,42.425805,-71.084578,7.238369,74.179688,5.0,3.0,5.59,0.0,1510239577000
484.0,42.425836,-71.084485,6.759914,76.640625,5.0,3.0,7.57,0.0,1510239578000
485.0,42.425855,-71.084396,6.686916,76.289062,5.0,3.0,8.44,0.0,1510239579000
486.0,42.425879,-71.084293,6.549953,74.882812,5.0,3.0,9.37,0.0,1510239580000
487.0,42.425908,-71.084193,8.059383,72.421875,5.0,3.0,9.17,0.0,1510239581000
488.0,42.425934,-71.084083,7.999294,72.773438,5.0,3.0,9.31,0.0,1510239582000
489.0,42.425962,-71.083978,7.998348,72.773438,5.0,3.0,9.43,0.0,1510239583000
490.0,42.425986,-71.08387,7.689999,72.773438,5.0,3.0,9.64,0.0,1510239584000
491.0,42.426014,-71.083758,7.330868,72.070312,5.0,3.0,9.76,0.0,1510239585000
492.0,42.426042,-71.083642,6.95657,72.070312,5.0,3.0,9.68,0.0,1510239586000
493.0,42.426067,-71.083538,5.784725,71.367188,5.0,3.0,9.52,0.0,1510239587000
494.0,42.426093,-71.083427,4.965908,71.015625,5.0,3.0,9.43,0.0,1510239588000
495.0,42.426123,-71.08332,5.699123,71.015625,5.0,3.0,9.35,0.0,1510239589000
496.0,42.426152,-71.083211,5.075008,71.367188,5.0,4.0,9.33,0.0,1510239590000
497.0,42.42618,-71.083104,5.802944,71.367188,5.0,3.0,9.21,0.0,1510239591000
498.0,42.426206,-71.083002,5.267147,71.71875,5.0,3.0,9.05,0.0,1510239592000
499.0,42.426224,-71.082914,6.811489,72.070312,5.0,3.0,7.99,0.0,1510239593000
500.0,42.426241,-71.082828,6.130489,72.070312,5.0,3.0,6.96,0.0,1510239594000
501.0,42.426258,-71.082753,7.587337,72.070312,5.0,3.0,5.88,0.0,1510239595000
502.0,42.426268,-71.082695,7.346004,72.070312,5.0,3.0,4.82,0.0,1510239596000
503.0,42.426281,-71.082648,7.910915,72.070312,5.0,3.0,3.58,0.0,1510239597000
504.0,42.426288,-71.082611,7.704617,72.070312,5.0,3.0,2.82,0.0,1510239598000
505.0,42.426292,-71.082582,8.107143,72.070312,5.0,3.0,2.17,0.0,1510239599000
506.0,42.4263,-71.082567,7.847775,72.070312,5.0,3.0,1.24,0.0,1510239600000
507.0,42.426305,-71.082557,8.734493,71.71875,5.0,3.0,0.38,0.0,1510239601000
508.0,42.426304,-71.082555,8.60931,71.367188,5.0,3.0,0.2,0.0,1510239602000
509.0,42.426304,-71.082555,8.969875,71.367188,5.0,4.0,0.0,0.0,1510239603000
510.0,42.426304,-71.082555,8.820156,71.015625,5.0,4.0,0.0,0.0,1510239604000
511.0,42.426304,-71.082555,9.277157,70.664062,5.0,3.0,0.0,0.0,1510239605000
512.0,42.426304,-71.082555,9.111202,70.664062,5.0,4.0,0.0,0.0,1510239606000
513.0,42.426304,-71.082555,9.749355,70.664062,10.0,3.0,0.0,0.0,1510239607000
514.0,42.426304,-71.082555,9.786037,70.664062,10.0,3.0,0.0,0.0,1510239608000
515.0,42.426304,-71.082555,8.471188,70.664062,5.0,4.0,0.0,0.0,1510239609000
516.0,42.426307,-71.082555,9.09515,70.664062,5.0,3.0,0.15,0.0,1510239610000
517.0,42.426305,-71.082555,8.943325,70.664062,5.0,3.0,0.24,0.0,1510239611000
518.0,42.426305,-71.082555,8.741451,70.664062,5.0,3.0,0.0,0.0,1510239612000
519.0,42.426305,-71.082555,8.55862,70.664062,5.0,3.0,0.0,0.0,1510239613000
520.0,42.426305,-71.082555,8.409969,70.664062,5.0,3.0,0.0,0.0,1510239614000
521.0,42.426305,-71.082555,8.213436,70.664062,5.0,3.0,0.0,0.0,1510239615000
522.0,42.426305,-71.082555,8.03616,70.664062,5.0,3.0,0.0,0.0,1510239616000
523.0,42.426309,-71.082552,7.820248,70.664062,5.0,3.0,0.39,0.0,1510239617000
524.0,42.426313,-71.082543,7.706203,70.664062,5.0,3.0,0.91,0.0,1510239618000
525.0,42.426317,-71.082526,7.732082,70.664062,5.0,3.0,1.94,0.0,1510239619000
526.0,42.426324,-71.082497,7.656155,71.71875,5.0,3.0,3.18,0.0,1510239620000
527.0,42.426334,-71.082451,7.45834,72.070312,5.0,3.0,4.36,0.0,1510239621000
528.0,42.426351,-71.082384,8.858852,72.773438,5.0,3.0,5.89,0.0,1510239622000
529.0,42.426368,-71.082307,8.466763,74.179688,5.0,3.0,7.31,0.0,1510239623000
530.0,42.426383,-71.082216,8.950253,76.992188,5.0,3.0,8.47,0.0,1510239624000
531.0,42.426402,-71.082117,8.865078,77.34375,5.0,3.0,8.91,0.0,1510239625000
532.0,42.426415,-71.082013,8.04269,78.75,5.0,3.0,8.61,0.0,1510239626000
533.0,42.426429,-71.081916,8.961056,79.453125,5.0,3.0,7.88,0.0,1510239627000
534.0,42.426439,-71.081842,8.056637,81.5625,5.0,4.0,6.03,0.0,1510239628000
535.0,42.426445,-71.081785,8.672512,82.265625,5.0,3.0,4.69,0.0,1510239629000
536.0,42.42645,-71.081732,8.655453,82.617188,5.0,3.0,4.15,0.0,1510239630000
537.0,42.426455,-71.081692,8.269466,83.320312,5.0,3.0,3.4,0.0,1510239631000
538.0,42.426457,-71.08166,7.999233,83.671875,5.0,3.0,2.72,0.0,1510239632000
539.0,42.42646,-71.081637,7.582546,83.320312,5.0,3.0,2.08,0.0,1510239633000
540.0,42.426463,-71.081625,8.017269,82.96875,5.0,3.0,1.1,0.0,1510239634000
541.284,42.426463,-71.081625,8.017269,82.96875,5.0,3.0,1.1,0.0,1510239635284
541.0,42.426466,-71.081621,8.147518,83.320312,5.0,3.0,0.43,0.0,1510239635000
542.0,42.426466,-71.081621,8.185116,83.320312,5.0,3.0,0.0,0.0,1510239636000
543.0,42.426466,-71.081621,8.41412,83.320312,5.0,3.0,0.0,0.0,1510239637000
544.0,42.426466,-71.081621,8.503414,82.96875,5.0,3.0,0.0,0.0,1510239638000
545.0,42.426466,-71.081621,8.647549,82.96875,5.0,3.0,0.0,0.0,1510239639000
546.0,42.426466,-71.081621,8.70425,82.96875,5.0,3.0,0.0,0.0,1510239640000
547.0,42.426466,-71.081621,8.786678,82.96875,5.0,3.0,0.0,0.0,1510239641000
548.0,42.426466,-71.081621,8.425716,82.96875,5.0,4.0,0.0,0.0,1510239642000
549.0,42.426466,-71.081621,8.606045,82.96875,5.0,3.0,0.0,0.0,1510239643000
550.0,42.426466,-71.081621,8.576107,82.96875,5.0,3.0,0.0,0.0,1510239644000
551.0,42.426466,-71.081621,8.562466,82.96875,5.0,3.0,0.0,0.0,1510239645000
552.0,42.426466,-71.081621,8.110897,82.96875,5.0,3.0,0.0,0.0,1510239646000
553.0,42.426466,-71.081621,8.512783,82.96875,5.0,3.0,0.0,0.0,1510239647000
554.0,42.426466,-71.081621,8.758755,82.96875,5.0,4.0,0.0,0.0,1510239648000
555.0,42.426466,-71.081621,8.4967,82.96875,5.0,3.0,0.0,0.0,1510239649000
556.0,42.426466,-71.081621,8.536037,82.96875,5.0,3.0,0.0,0.0,1510239650000
557.0,42.426466,-71.081621,8.098019,82.96875,5.0,3.0,0.0,0.0,1510239651000
558.0,42.426466,-71.081621,8.368099,82.96875,5.0,3.0,0.0,0.0,1510239652000
559.0,42.426466,-71.081621,8.361965,82.96875,5.0,3.0,0.0,0.0,1510239653000
560.0,42.426463,-71.081603,7.872738,83.320312,5.0,3.0,1.02,0.0,1510239654000
561.0,42.426463,-71.081585,7.915646,84.023438,5.0,3.0,1.54,0.0,1510239655000
562.0,42.426467,-71.081543,7.314541,84.375,5.0,3.0,3.68,0.0,1510239656000
563.0,42.426473,-71.081485,7.066311,82.265625,5.0,3.0,5.3,0.0,1510239657000
564.0,42.426483,-71.081414,6.300198,80.859375,5.0,3.0,6.41,0.0,1510239658000
565.0,42.42649,-71.08133,7.560238,80.859375,5.0,3.0,6.8,0.0,1510239659000
566.0,42.426504,-71.081234,6.971462,81.210938,5.0,3.0,8.19,0.0,1510239660000
567.0,42.426516,-71.081133,7.841732,81.210938,5.0,3.0,8.79,0.0,1510239661000
568.0,42.426528,-71.081026,7.845852,81.210938,5.0,3.0,8.95,0.0,1510239662000
569.0,42.426543,-71.080914,7.743618,80.859375,5.0,3.0,9.27,0.0,1510239663000
570.0,42.42656,-71.080796,7.599697,80.507812,5.0,3.0,9.67,0.0,1510239664000
571.0,42.426578,-71.080679,7.755184,79.804688,5.0,3.0,10.06,0.0,1510239665000
572.0,42.426596,-71.08055,7.607876,79.453125,5.0,3.0,10.41,0.0,1510239666000
573.0,42.426617,-71.08042,7.689327,79.101562,5.0,3.0,10.8,0.0,1510239667000
574.0,42.426636,-71.080286,7.871212,79.804688,5.0,3.0,11.09,0.0,1510239668000
575.0,42.426657,-71.080157,7.65234,79.101562,5.0,3.0,11.37,0.0,1510239669000
576.0,42.426677,-71.080015,7.824947,79.101562,5.0,3.0,11.59,0.0,1510239670000
577.0,42.426696,-71.079875,7.814816,79.804688,5.0,3.0,11.72,0.0,1510239671000
578.0,42.426712,-71.079735,7.575832,81.210938,5.0,3.0,11.7,0.0,1510239672000
579.0,42.426731,-71.0796,7.568295,80.15625,5.0,3.0,11.67,0.0,1510239673000
580.0,42.426752,-71.079455,7.634304,79.453125,5.0,3.0,11.62,0.0,1510239674000
581.0,42.426771,-71.07932,7.68951,79.101562,5.0,3.0,11.34,0.0,1510239675000
582.0,42.42679,-71.079183,7.402981,79.804688,5.0,3.0,11.38,0.0,1510239676000
583.0,42.426807,-71.079047,6.876553,81.210938,5.0,3.0,11.38,0.0,1510239677000
584.0,42.426821,-71.07891,6.938351,82.265625,5.0,3.0,11.31,0.0,1510239678000
585.0,42.426835,-71.078776,7.021358,81.914062,5.0,3.0,11.17,0.0,1510239679000
586.0,42.426851,-71.078643,7.097713,81.5625,5.0,3.0,11.21,0.0,1510239680000
587.0,42.426867,-71.078508,6.508266,81.914062,5.0,3.0,11.34,0.0,1510239681000
588.0,42.426882,-71.078367,6.568813,81.914062,5.0,3.0,11.48,0.0,1510239682000
589.0,42.426899,-71.078227,6.689022,81.210938,5.0,3.0,11.56,0.0,1510239683000
590.0,42.426914,-71.078088,6.72781,82.265625,5.0,3.0,11.51,0.0,1510239684000
591.0,42.426925,-71.077952,6.76025,84.375,5.0,3.0,11.52,0.0,1510239685000
592.0,42.426933,-71.077807,6.722805,86.484375,5.0,3.0,11.56,0.0,1510239686000
593.0,42.426935,-71.077665,6.619686,90.0,5.0,3.0,11.63,0.0,1510239687000
594.0,42.426933,-71.077521,6.652737,92.109375,5.0,3.0,11.78,0.0,1510239688000
595.0,42.426926,-71.077381,6.825222,94.570312,5.0,3.0,11.93,0.0,1510239689000
596.0,42.426911,-71.07723,6.79324,98.085938,5.0,3.0,12.1,0.0,1510239690000
597.0,42.426893,-71.077082,6.741177,100.898438,5.0,3.0,12.38,0.0,1510239691000
598.0,42.426869,-71.076932,6.381374,104.0625,5.0,3.0,12.62,0.0,1510239692000
599.0,42.426838,-71.076785,6.080929,107.578125,5.0,3.0,12.88,0.0,1510239693000
600.0,42.4268,-71.076629,5.859371,110.039062,5.0,3.0,13.12,0.0,1510239694000
601.0,42.426755,-71.076482,5.526638,113.90625,5.0,3.0,13.24,0.0,1510239695000
602.0,42.426697,-71.076338,4.905972,118.125,5.0,3.0,13.39,0.0,1510239696000
603.0,42.426636,-71.076201,4.915249,121.289062,5.0,3.0,13.49,0.0,1510239697000
604.0,42.426568,-71.076059,5.233273,123.75,5.0,3.0,13.55,0.0,1510239698000
605.0,42.426498,-71.075927,5.052303,125.859375,5.0,3.0,13.39,0.0,1510239699000
606.0,42.426435,-71.075787,5.173733,125.507812,5.0,3.0,13.39,0.0,1510239700000
607.0,42.426367,-71.075657,4.654568,125.507812,5.0,3.0,13.34,0.0,1510239701000
608.0,42.426297,-71.075522,4.629787,125.507812,5.0,3.0,13.15,0.0,1510239702000
609.0,42.426233,-71.075393,5.268642,125.507812,5.0,3.0,12.76,0.0,1510239703000
610.0,42.426167,-71.075269,5.104031,124.804688,5.0,3.0,12.45,0.0,1510239704000
611.0,42.426107,-71.075148,5.268887,124.101562,5.0,3.0,12.3,0.0,1510239705000
612.0,42.426047,-71.075021,5.382626,122.695312,5.0,3.0,11.97,0.0,1510239706000
613.0,42.425992,-71.074906,5.852383,121.992188,5.0,3.0,11.31,0.0,1510239707000
614.0,42.425947,-71.074801,5.503628,119.53125,5.0,3.0,10.0,0.0,1510239708000
615.0,42.425906,-71.074702,5.757565,116.71875,5.0,3.0,9.04,0.0,1510239709000
616.0,42.425873,-71.07461,5.478451,114.609375,5.0,3.0,7.58,0.0,1510239710000
617.0,42.425849,-71.074537,5.388729,113.90625,5.0,3.0,5.9,0.0,1510239711000
618.0,42.425831,-71.074481,5.637783,113.90625,5.0,3.0,4.5,0.0,1510239712000
619.0,42.425813,-71.074441,5.738461,113.90625,5.0,3.0,3.81,0.0,1510239713000
620.0,42.425805,-71.074418,5.752499,113.90625,5.0,3.0,2.44,0.0,1510239714000
621.0,42.425801,-71.074409,5.798824,113.554688,5.0,3.0,1.07,0.0,1510239715000
622.0,42.425801,-71.074409,5.648251,113.203125,5.0,3.0,0.0,0.0,1510239716000
623.0,42.425801,-71.074409,5.514523,112.851562,5.0,3.0,0.0,0.0,1510239717000
624.0,42.425801,-71.074409,5.283413,112.851562,5.0,3.0,0.0,0.0,1510239718000
625.0,42.425801,-71.074409,5.210018,112.851562,10.0,3.0,0.0,0.0,1510239719000
626.0,42.425801,-71.074409,5.209408,112.5,10.0,3.0,0.0,0.0,1510239720000
627.0,42.425802,-71.074412,4.790829,112.5,10.0,4.0,0.17,0.0,1510239721000
628.0,42.425802,-71.074412,5.538784,112.5,10.0,3.0,0.0,0.0,1510239722000
629.0,42.425802,-71.074412,5.063869,112.5,10.0,4.0,0.0,0.0,1510239723000
630.0,42.425802,-71.074412,5.498043,112.851562,10.0,3.0,0.0,0.0,1510239724000
631.0,42.425802,-71.074412,5.423092,112.851562,10.0,3.0,0.0,0.0,1510239725000
632.0,42.425802,-71.074412,5.109432,112.851562,10.0,3.0,0.0,0.0,1510239726000
633.0,42.425802,-71.074412,5.258297,112.851562,10.0,3.0,0.0,0.0,1510239727000
634.0,42.425802,-71.074412,5.202663,112.5,10.0,3.0,0.0,0.0,1510239728000
635.0,42.425797,-71.074408,5.327663,112.5,10.0,3.0,0.19,0.0,1510239729000
636.0,42.425791,-71.074399,5.672726,112.851562,10.0,3.0,1.13,0.0,1510239730000
637.0,42.425781,-71.074381,5.642147,112.5,10.0,3.0,2.26,0.0,1510239731000
638.0,42.425769,-71.074342,5.382015,112.851562,5.0,3.0,4.08,0.0,1510239732000
639.0,42.425753,-71.074292,5.592159,112.851562,5.0,3.0,5.19,0.0,1510239733000
640.0,42.42573,-71.074225,5.544247,113.90625,5.0,3.0,6.26,0.0,1510239734000
641.0,42.425702,-71.074141,6.0397,114.960938,5.0,3.0,7.6,0.0,1510239735000
642.0,42.425673,-71.074057,5.923214,115.3125,5.0,3.0,8.42,0.0,1510239736000
643.0,42.425638,-71.073958,5.35461,115.3125,5.0,3.0,9.4,0.0,1510239737000
644.0,42.4256,-71.073846,5.229641,114.960938,5.0,3.0,9.9,0.0,1510239738000
645.0,42.425568,-71.07373,5.407253,110.742188,5.0,3.0,10.29,0.0,1510239739000
646.0,42.425537,-71.07361,5.523739,108.28125,5.0,3.0,10.85,0.0,1510239740000
647.0,42.425507,-71.073478,5.506496,106.171875,5.0,3.0,11.3,0.0,1510239741000
648.0,42.42548,-71.073338,5.243679,104.0625,5.0,3.0,11.7,0.0,1510239742000
649.0,42.425459,-71.073197,5.031429,101.25,5.0,3.0,11.9,0.0,1510239743000
650.0,42.425438,-71.073053,3.185787,98.4375,5.0,3.0,12.17,0.0,1510239744000
651.0,42.425426,-71.072906,3.166866,96.328125,5.0,3.0,12.42,0.0,1510239745000
652.0,42.425414,-71.072746,3.270962,95.273438,5.0,3.0,12.85,0.0,1510239746000
653.0,42.425399,-71.0726,2.979031,93.867188,5.0,3.0,12.51,0.0,1510239747000
654.0,42.425391,-71.072451,4.567867,93.164062,5.0,3.0,12.15,0.0,1510239748000
655.0,42.425386,-71.072307,3.946255,92.109375,5.0,3.0,10.83,0.0,1510239749000
656.0,42.42538,-71.072188,4.056393,92.8125,5.0,3.0,9.8,0.0,1510239750000
657.0,42.425378,-71.072074,3.700497,94.21875,5.0,3.0,8.77,0.0,1510239751000
658.0,42.425373,-71.071977,3.751858,94.570312,5.0,3.0,7.54,0.0,1510239752000
659.0,42.425368,-71.0719,4.84808,94.21875,5.0,3.0,5.36,0.0,1510239753000
660.0,42.425367,-71.071848,4.422726,93.867188,5.0,3.0,3.72,0.0,1510239754000
661.0,42.425365,-71.071816,4.494595,93.867188,5.0,3.0,2.3,0.0,1510239755000
662.0,42.425363,-71.071797,4.393551,93.867188,5.0,3.0,1.35,0.0,1510239756000
663.0,42.425363,-71.071797,4.13406,94.21875,5.0,3.0,0.0,0.0,1510239757000
664.0,42.425363,-71.07179,4.016842,94.21875,5.0,3.0,0.17,0.0,1510239758000
665.0,42.425363,-71.07179,4.971249,94.21875,5.0,3.0,0.0,0.0,1510239759000
666.0,42.425363,-71.07179,4.959438,94.21875,5.0,3.0,0.0,0.0,1510239760000
667.0,42.425363,-71.07179,5.093502,94.21875,5.0,3.0,0.0,0.0,1510239761000
668.0,42.425363,-71.07179,5.174465,94.21875,5.0,3.0,0.0,0.0,1510239762000
669.0,42.425363,-71.07179,5.205807,94.21875,5.0,3.0,0.0,0.0,1510239763000
670.0,42.425363,-71.07179,5.346676,94.21875,5.0,3.0,0.0,0.0,1510239764000
671.0,42.425361,-71.071796,5.442959,94.570312,5.0,3.0,0.15,0.0,1510239765000
672.0,42.425361,-71.071796,5.313015,94.21875,5.0,3.0,0.0,0.0,1510239766000
673.0,42.425361,-71.071796,5.417721,94.21875,5.0,3.0,0.0,0.0,1510239767000
674.0,42.425361,-71.071796,5.564297,94.21875,5.0,3.0,0.0,0.0,1510239768000
675.0,42.425361,-71.071796,5.60989,94.21875,5.0,3.0,0.0,0.0,1510239769000
676.0,42.425361,-71.071796,5.489773,94.21875,5.0,3.0,0.0,0.0,1510239770000
677.0,42.425363,-71.071799,5.531063,94.21875,5.0,4.0,0.26,0.0,1510239771000
678.0,42.425362,-71.071783,5.374905,94.570312,5.0,3.0,1.46,0.0,1510239772000
679.0,42.42536,-71.071751,5.31451,94.921875,5.0,3.0,3.46,0.0,1510239773000
680.0,42.425358,-71.071701,5.039425,93.515625,5.0,3.0,4.84,0.0,1510239774000
681.0,42.425358,-71.071633,4.905483,92.460938,5.0,3.0,5.99,0.0,1510239775000
682.0,42.425354,-71.071549,5.785213,92.109375,5.0,3.0,7.46,0.0,1510239776000
683.0,42.425353,-71.071464,5.866756,92.8125,5.0,3.0,7.91,0.0,1510239777000
684.0,42.425354,-71.071365,6.052517,92.109375,5.0,3.0,7.88,0.0,1510239778000
685.0,42.425353,-71.071262,5.042049,91.054688,5.0,4.0,8.16,0.0,1510239779000
686.0,42.425351,-71.071161,4.643917,92.460938,5.0,4.0,8.62,0.0,1510239780000
687.0,42.42535,-71.071051,4.767483,93.867188,5.0,4.0,9.44,0.0,1510239781000
688.0,42.425346,-71.070925,5.601498,93.515625,5.0,4.0,10.41,0.0,1510239782000
689.0,42.425333,-71.070799,4.994534,93.867188,5.0,3.0,11.27,0.0,1510239783000
690.0,42.425327,-71.070661,4.912502,93.867188,5.0,3.0,11.68,0.0,1510239784000
691.0,42.425319,-71.070517,4.950344,93.515625,5.0,3.0,12.08,0.0,1510239785000
692.0,42.425312,-71.070366,4.968258,93.515625,5.0,3.0,12.13,0.0,1510239786000
693.0,42.425305,-71.070217,5.838497,93.164062,5.0,3.0,12.32,0.0,1510239787000
694.0,42.425299,-71.070066,5.516018,93.164062,5.0,3.0,12.35,0.0,1510239788000
695.0,42.425294,-71.069919,5.590603,93.515625,5.0,3.0,12.42,0.0,1510239789000
696.0,42.425288,-71.06976,5.30093,93.515625,5.0,3.0,12.22,0.0,1510239790000
697.0,42.425281,-71.069616,5.362179,93.515625,5.0,3.0,11.91,0.0,1510239791000
698.0,42.425271,-71.069473,5.79977,93.515625,5.0,3.0,11.78,0.0,1510239792000
699.0,42.425266,-71.069334,5.014919,92.8125,5.0,3.0,11.59,0.0,1510239793000
700.0,42.42526,-71.06919,5.230526,93.515625,5.0,3.0,11.34,0.0,1510239794000
701.0,42.425256,-71.069059,5.518154,93.515625,5.0,3.0,10.96,0.0,1510239795000
702.0,42.425252,-71.068927,5.471188,93.164062,5.0,3.0,10.79,0.0,1510239796000
703.0,42.425252,-71.068786,5.696774,92.109375,5.0,3.0,9.94,0.0,1510239797000
704.0,42.425247,-71.068686,5.654263,92.109375,5.0,3.0,9.02,0.0,1510239798000
705.0,42.425241,-71.068586,6.313808,92.8125,5.0,3.0,7.71,0.0,1510239799000
706.0,42.425237,-71.068503,6.300472,93.867188,5.0,3.0,6.39,0.0,1510239800000
707.0,42.425235,-71.06844,6.14764,94.921875,5.0,3.0,4.61,0.0,1510239801000
708.0,42.425233,-71.068398,6.123165,94.921875,5.0,3.0,2.78,0.0,1510239802000
709.0,42.425232,-71.068378,5.816647,94.921875,5.0,3.0,1.18,0.0,1510239803000
710.0,42.425233,-71.068373,5.80154,94.921875,5.0,3.0,0.15,0.0,1510239804000
711.0,42.425233,-71.068373,4.975887,94.921875,5.0,3.0,0.0,0.0,1510239805000
712.0,42.425233,-71.068373,5.325314,94.921875,5.0,3.0,0.0,0.0,1510239806000
713.0,42.425233,-71.068373,5.213192,94.921875,5.0,3.0,0.0,0.0,1510239807000
714.0,42.425233,-71.068373,5.728237,94.570312,5.0,3.0,0.0,0.0,1510239808000
715.0,42.425233,-71.068373,5.633144,94.570312,5.0,3.0,0.0,0.0,1510239809000
716.0,42.425233,-71.068373,5.852016,94.570312,5.0,3.0,0.0,0.0,1510239810000
717.0,42.425233,-71.068373,5.105343,94.570312,5.0,3.0,0.0,0.0,1510239811000
718.0,42.425233,-71.068373,4.890835,94.570312,5.0,3.0,0.0,0.0,1510239812000
719.0,42.425233,-71.068373,4.931149,94.570312,5.0,3.0,0.0,0.0,1510239813000
720.0,42.425233,-71.068373,4.848812,94.570312,5.0,3.0,0.0,0.0,1510239814000
721.0,42.425233,-71.068373,5.364529,94.570312,5.0,3.0,0.0,0.0,1510239815000
722.0,42.425233,-71.068373,5.449154,94.570312,5.0,3.0,0.0,0.0,1510239816000
723.0,42.425233,-71.068373,4.77496,94.570312,5.0,3.0,0.0,0.0,1510239817000
724.0,42.425233,-71.068373,4.672848,94.570312,5.0,3.0,0.0,0.0,1510239818000
725.0,42.425233,-71.068373,5.261654,94.570312,5.0,3.0,0.0,0.0,1510239819000
726.0,42.425233,-71.068373,5.281673,94.570312,5.0,3.0,0.0,0.0,1510239820000
727.0,42.425233,-71.068373,5.32687,94.570312,5.0,3.0,0.0,0.0,1510239821000
728.0,42.425233,-71.068373,4.490749,94.570312,5.0,3.0,0.0,0.0,1510239822000
729.0,42.425233,-71.068373,4.387814,94.570312,5.0,3.0,0.0,0.0,1510239823000
730.0,42.425233,-71.068373,4.197628,94.570312,5.0,3.0,0.0,0.0,1510239824000
731.0,42.425233,-71.068373,4.09988,94.570312,5.0,3.0,0.0,0.0,1510239825000
732.0,42.425233,-71.068373,5.560726,94.570312,5.0,3.0,0.0,0.0,1510239826000
733.0,42.425233,-71.068373,5.481777,94.570312,5.0,3.0,0.0,0.0,1510239827000
734.0,42.425233,-71.068373,5.509548,94.570312,5.0,3.0,0.0,0.0,1510239828000
735.0,42.425233,-71.068373,5.541561,94.570312,5.0,3.0,0.0,0.0,1510239829000
736.0,42.425233,-71.068373,5.621944,94.570312,5.0,3.0,0.0,0.0,1510239830000
737.0,42.425233,-71.068373,3.905331,94.570312,5.0,3.0,0.0,0.0,1510239831000
738.0,42.425233,-71.068373,3.814724,94.570312,5.0,3.0,0.0,0.0,1510239832000
739.0,42.425233,-71.068373,3.820766,94.570312,5.0,3.0,0.0,0.0,1510239833000
740.0,42.425237,-71.068368,3.733761,94.570312,5.0,3.0,0.17,0.0,1510239834000
741.0,42.425237,-71.068368,5.716122,94.570312,5.0,3.0,0.0,0.0,1510239835000
742.0,42.425237,-71.068368,3.911648,94.570312,5.0,3.0,0.0,0.0,1510239836000
743.0,42.425237,-71.068368,3.809536,94.570312,5.0,3.0,0.0,0.0,1510239837000
744.0,42.425237,-71.068368,3.815578,94.570312,5.0,3.0,0.0,0.0,1510239838000
745.0,42.425237,-71.068368,3.729244,94.570312,5.0,3.0,0.0,0.0,1510239839000
746.0,42.425237,-71.068368,3.820919,94.570312,5.0,3.0,0.0,0.0,1510239840000
747.0,42.425237,-71.068368,3.734371,94.570312,5.0,3.0,0.0,0.0,1510239841000
748.0,42.425237,-71.068368,3.790554,94.570312,5.0,3.0,0.0,0.0,1510239842000
749.0,42.425237,-71.068368,3.702785,94.570312,5.0,3.0,0.0,0.0,1510239843000
750.0,42.425237,-71.068368,5.689754,94.570312,5.0,3.0,0.0,0.0,1510239844000
751.0,42.425237,-71.068368,3.995174,94.570312,5.0,3.0,0.0,0.0,1510239845000
752.0,42.425237,-71.068368,3.889431,94.570312,5.0,3.0,0.0,0.0,1510239846000
753.0,42.425237,-71.068368,4.242428,94.570312,5.0,3.0,0.0,0.0,1510239847000
754.0,42.425237,-71.068368,4.139065,94.570312,5.0,3.0,0.0,0.0,1510239848000
755.0,42.425243,-71.068362,5.033749,94.570312,5.0,3.0,0.61,0.0,1510239849000
756.0,42.425245,-71.068347,5.042233,94.570312,5.0,3.0,1.72,0.0,1510239850000
757.0,42.425246,-71.068308,5.139248,92.460938,5.0,3.0,3.17,0.0,1510239851000
758.0,42.425242,-71.06827,5.095791,91.757812,5.0,3.0,4.1,0.0,1510239852000
759.0,42.425238,-71.068216,5.643673,93.164062,5.0,3.0,5.03,0.0,1510239853000
760.0,42.425237,-71.068153,5.788967,92.8125,5.0,3.0,5.05,0.0,1510239854000
761.0,42.425234,-71.068094,5.584621,94.21875,5.0,3.0,4.74,0.0,1510239855000
762.0,42.425231,-71.068043,5.549252,99.140625,5.0,3.0,3.88,0.0,1510239856000
763.0,42.425225,-71.068006,5.338711,102.65625,5.0,3.0,2.86,0.0,1510239857000
764.0,42.425217,-71.067973,5.481228,105.820312,5.0,3.0,2.4,0.0,1510239858000
765.0,42.425212,-71.067943,6.539577,109.335938,5.0,3.0,2.48,0.0,1510239859000
766.0,42.425205,-71.067913,5.68475,114.257812,5.0,3.0,2.75,0.0,1510239860000
767.0,42.425194,-71.067883,5.63467,131.132812,5.0,3.0,2.97,0.0,1510239861000
768.0,42.425168,-71.067858,5.711666,155.390625,5.0,3.0,3.56,0.0,1510239862000
769.0,42.425131,-71.067838,5.869686,169.453125,5.0,3.0,4.52,0.0,1510239863000
770.0,42.425075,-71.06784,6.708157,176.835938,5.0,3.0,6.14,0.0,1510239864000
771.0,42.425003,-71.067835,6.713497,178.59375,5.0,4.0,7.33,0.0,1510239865000
772.0,42.424945,-71.067829,5.484188,177.890625,5.0,3.0,7.92,0.0,1510239866000
773.0,42.424875,-71.06782,6.864376,176.484375,5.0,3.0,8.24,0.0,1510239867000
774.0,42.424795,-71.067815,4.253323,176.835938,5.0,3.0,8.45,0.0,1510239868000
775.0,42.424719,-71.067808,4.73138,177.539062,5.0,3.0,8.24,0.0,1510239869000
776.0,42.424643,-71.067802,4.413357,177.1875,5.0,3.0,7.92,0.0,1510239870000
777.0,42.424575,-71.067798,6.587154,177.1875,5.0,3.0,7.41,0.0,1510239871000
778.0,42.424519,-71.067793,5.552578,176.132812,5.0,3.0,6.39,0.0,1510239872000
779.0,42.424468,-71.067784,5.392788,174.726562,5.0,3.0,5.18,0.0,1510239873000
780.0,42.424428,-71.06778,5.548092,172.265625,5.0,3.0,3.52,0.0,1510239874000
781.0,42.424398,-71.067776,5.439175,171.210938,5.0,4.0,2.16,0.0,1510239875000
782.0,42.424384,-71.067773,6.289272,170.859375,5.0,4.0,1.01,0.0,1510239876000
783.0,42.424384,-71.067773,5.446987,170.507812,5.0,3.0,0.0,0.0,1510239877000
784.0,42.424384,-71.067773,5.428585,170.507812,5.0,3.0,0.0,0.0,1510239878000
785.0,42.424384,-71.067773,6.075741,170.15625,5.0,3.0,0.0,0.0,1510239879000
786.0,42.424384,-71.067773,5.910244,170.15625,5.0,4.0,0.0,0.0,1510239880000
787.0,42.424384,-71.067776,5.963375,169.804688,5.0,3.0,0.15,0.0,1510239881000
788.0,42.424384,-71.067776,6.126492,169.804688,5.0,4.0,0.0,0.0,1510239882000
789.0,42.424384,-71.067776,6.160275,169.804688,5.0,4.0,0.0,0.0,1510239883000
790.0,42.424384,-71.067776,6.305935,169.804688,5.0,4.0,0.0,0.0,1510239884000
791.0,42.424384,-71.067776,5.857784,169.804688,5.0,3.0,0.0,0.0,1510239885000
792.0,42.424384,-71.067776,5.848019,169.804688,5.0,3.0,0.0,0.0,1510239886000
793.0,42.424384,-71.067776,5.925777,169.804688,5.0,4.0,0.0,0.0,1510239887000
794.0,42.424384,-71.067776,5.927395,169.804688,5.0,4.0,0.0,0.0,1510239888000
795.0,42.424384,-71.067776,6.535854,169.804688,5.0,3.0,0.0,0.0,1510239889000
796.0,42.424384,-71.067776,6.511379,169.804688,5.0,4.0,0.0,0.0,1510239890000
797.0,42.424384,-71.067776,6.564083,169.804688,5.0,4.0,0.0,0.0,1510239891000
798.0,42.424384,-71.067776,6.460598,169.804688,5.0,4.0,0.0,0.0,1510239892000
799.0,42.424384,-71.067776,6.493679,169.804688,5.0,4.0,0.0,0.0,1510239893000
800.0,42.424384,-71.067776,6.43301,169.804688,5.0,4.0,0.0,0.0,1510239894000
801.0,42.424384,-71.067776,5.806057,169.804688,5.0,3.0,0.0,0.0,1510239895000
802.0,42.424384,-71.067776,5.795895,169.804688,5.0,4.0,0.0,0.0,1510239896000
803.0,42.424384,-71.067776,6.617794,169.804688,5.0,3.0,0.0,0.0,1510239897000
804.0,42.424384,-71.067776,6.515163,169.804688,5.0,3.0,0.0,0.0,1510239898000
805.0,42.424384,-71.067776,5.82272,169.804688,5.0,3.0,0.0,0.0,1510239899000
806.0,42.424384,-71.067776,5.812222,169.804688,5.0,3.0,0.0,0.0,1510239900000
807.0,42.424384,-71.067776,5.808224,169.804688,5.0,3.0,0.0,0.0,1510239901000
808.0,42.424384,-71.067776,5.796474,169.804688,5.0,4.0,0.0,0.0,1510239902000
809.0,42.424384,-71.067776,6.528744,169.804688,5.0,3.0,0.0,0.0,1510239903000
810.0,42.424384,-71.067776,5.80508,169.804688,5.0,3.0,0.0,0.0,1510239904000
811.0,42.424384,-71.067776,5.690945,169.804688,5.0,3.0,0.0,0.0,1510239905000
812.0,42.424364,-71.067779,5.988918,169.804688,5.0,3.0,0.41,0.0,1510239906000
813.0,42.42436,-71.06778,6.042233,169.804688,5.0,4.0,0.23,0.0,1510239907000
814.0,42.42436,-71.06778,6.214565,169.804688,5.0,3.0,0.0,0.0,1510239908000
815.0,42.42436,-71.06778,6.173336,169.804688,5.0,3.0,0.0,0.0,1510239909000
816.0,42.42436,-71.06778,5.762112,169.453125,5.0,3.0,0.0,0.0,1510239910000
817.0,42.42436,-71.06778,5.496334,169.453125,5.0,3.0,0.0,0.0,1510239911000
818.0,42.424358,-71.067781,5.458767,169.453125,5.0,3.0,0.25,0.0,1510239912000
819.0,42.424344,-71.067777,6.093349,168.75,5.0,3.0,1.46,0.0,1510239913000
820.0,42.424325,-71.067777,6.14761,168.398438,5.0,4.0,2.39,0.0,1510239914000
821.0,42.424295,-71.067772,5.67828,169.101562,5.0,3.0,4.01,0.0,1510239915000
822.0,42.424254,-71.067763,5.505978,166.992188,5.0,4.0,5.24,0.0,1510239916000
823.0,42.424207,-71.067748,5.047329,164.882812,5.0,3.0,5.82,0.0,1510239917000
824.0,42.424151,-71.067729,4.598415,164.179688,5.0,3.0,6.32,0.0,1510239918000
825.0,42.424094,-71.067705,4.437954,163.476562,5.0,4.0,6.54,0.0,1510239919000
826.0,42.424041,-71.067681,4.202328,161.015625,5.0,4.0,6.53,0.0,1510239920000
827.0,42.423986,-71.067657,3.624752,160.664062,5.0,4.0,6.55,0.0,1510239921000
828.0,42.423928,-71.067633,3.606594,161.015625,5.0,3.0,6.53,0.0,1510239922000
829.0,42.423878,-71.067608,3.624508,161.015625,5.0,3.0,5.46,0.0,1510239923000
830.0,42.423842,-71.067593,3.309841,161.71875,5.0,3.0,3.66,0.0,1510239924000
831.0,42.423815,-71.067582,3.232204,162.070312,5.0,4.0,2.66,0.0,1510239925000
832.0,42.423798,-71.067573,3.268581,162.773438,5.0,3.0,1.47,0.0,1510239926000
833.0,42.423791,-71.06757,2.970577,162.773438,5.0,3.0,0.53,0.0,1510239927000
834.0,42.423791,-71.06757,4.318386,162.773438,5.0,3.0,0.0,0.0,1510239928000
835.0,42.423791,-71.06757,3.801418,162.773438,5.0,3.0,0.0,0.0,1510239929000
836.0,42.423791,-71.06757,3.412167,162.773438,5.0,3.0,0.0,0.0,1510239930000
837.0,42.423791,-71.06757,4.742764,162.773438,5.0,3.0,0.0,0.0,1510239931000
838.0,42.423783,-71.067563,3.843288,162.773438,5.0,3.0,0.2,0.0,1510239932000
839.0,42.423779,-71.067561,3.757656,162.773438,5.0,3.0,0.55,0.0,1510239933000
840.0,42.423767,-71.067563,3.393215,163.125,5.0,3.0,1.39,0.0,1510239934000
841.0,42.423748,-71.067556,3.345394,163.125,5.0,3.0,2.47,0.0,1510239935000
842.0,42.423721,-71.067543,3.293819,161.71875,5.0,3.0,3.61,0.0,1510239936000
843.0,42.423684,-71.067524,3.100521,162.070312,5.0,3.0,4.7,0.0,1510239937000
844.0,42.423637,-71.067503,4.325954,164.179688,5.0,3.0,5.65,0.0,1510239938000
845.0,42.423571,-71.067478,5.052059,168.398438,5.0,3.0,7.43,0.0,1510239939000
846.0,42.423502,-71.067457,4.824154,168.398438,5.0,3.0,8.15,0.0,1510239940000
847.0,42.423424,-71.067434,4.903713,168.046875,5.0,3.0,8.92,0.0,1510239941000
848.0,42.423339,-71.067408,5.333492,168.046875,5.0,3.0,9.42,0.0,1510239942000
849.0,42.423252,-71.06739,5.383358,169.804688,5.0,3.0,9.74,0.0,1510239943000
850.0,42.423165,-71.067366,5.401058,170.859375,5.0,3.0,10.17,0.0,1510239944000
851.0,42.423079,-71.067371,5.914394,173.671875,5.0,3.0,10.09,0.0,1510239945000
852.0,42.422988,-71.067356,6.280056,175.429688,5.0,4.0,10.35,0.0,1510239946000
853.0,42.422893,-71.067347,7.178555,176.484375,5.0,3.0,10.66,0.0,1510239947000
854.0,42.422799,-71.067336,7.638668,176.835938,5.0,3.0,10.93,0.0,1510239948000
855.0,42.422699,-71.067324,8.668026,176.484375,5.0,3.0,11.07,0.0,1510239949000
856.0,42.4226,-71.067312,8.962429,176.835938,5.0,3.0,10.87,0.0,1510239950000
857.0,42.422502,-71.067244,10.186092,177.925812,5.0,3.0,10.77,0.0,1510239951000
858.0,42.422411,-71.06724,10.400021,177.925812,5.0,3.0,10.73,0.0,1510239952000
859.0,42.422312,-71.067235,12.097805,177.925812,5.0,3.0,10.8,0.0,1510239953000
860.0,42.422215,-71.06723,11.269863,177.58049,5.0,3.0,11.03,0.0,1510239954000
861.0,42.422115,-71.067224,11.528378,177.58049,5.0,3.0,11.24,0.0,1510239955000
862.0,42.42201,-71.067212,11.281368,173.884506,5.0,3.0,11.65,0.0,1510239956000
863.0,42.421911,-71.067195,12.416897,172.431671,5.0,3.0,11.76,0.0,1510239957000
864.0,42.421855,-71.067185,12.356564,172.431671,5.0,3.0,11.84,0.0,1510239958000
865.0,42.42173,-71.067162,12.989193,172.434631,5.0,3.0,11.66,0.0,1510239959000
866.0,42.42173,-71.067162,12.990231,172.434631,5.0,3.0,11.65,0.0,1510239960000
867.0,42.421512,-71.067088,13.533749,164.204117,5.0,3.0,11.47,0.0,1510239961000
868.0,42.421408,-71.067041,13.676418,159.443954,5.0,4.0,11.41,0.0,1510239962000
869.0,42.421317,-71.066987,13.938625,156.037506,5.0,3.0,11.18,0.0,1510239963000
870.0,42.421223,-71.066931,13.657619,156.037506,5.0,3.0,11.18,0.0,1510239964000
871.0,42.421139,-71.066881,13.567898,156.037506,5.0,3.0,11.37,0.0,1510239965000
872.0,42.421032,-71.066804,13.254116,152.198547,5.0,3.0,11.54,0.0,1510239966000
873.0,42.420943,-71.06674,13.142941,152.198547,5.0,3.0,11.66,0.0,1510239967000
874.0,42.42085,-71.066674,13.019619,152.198547,5.0,3.0,11.82,0.0,1510239968000
875.0,42.420759,-71.066609,12.061886,152.198547,5.0,3.0,11.94,0.0,1510239969000
876.0,42.420656,-71.066536,11.998745,152.198547,5.0,3.0,12.28,0.0,1510239970000
877.0,42.420596,-71.066493,11.898403,152.198547,5.0,3.0,12.21,0.0,1510239971000
878.0,42.420462,-71.0664,11.563625,153.130188,5.0,3.0,12.12,0.0,1510239972000
879.0,42.420365,-71.066334,11.583157,153.130188,5.0,3.0,12.02,0.0,1510239973000
880.0,42.420265,-71.066267,12.139767,154.96022,5.0,3.0,12.08,0.0,1510239974000
881.0,42.420161,-71.066201,11.991604,154.96022,5.0,3.0,12.24,0.0,1510239975000
882.0,42.42006,-71.066138,10.706539,154.96022,5.0,3.0,12.47,0.0,1510239976000
883.0,42.419961,-71.066074,11.623165,154.96022,5.0,3.0,12.43,0.0,1510239977000
884.0,42.419891,-71.066031,11.336941,154.96022,5.0,3.0,12.28,0.0,1510239978000
885.0,42.419771,-71.065976,11.348751,161.490356,5.0,3.0,12.1,0.0,1510239979000
886.0,42.41965,-71.065921,10.878201,161.490356,5.0,3.0,11.93,0.0,1510239980000
887.0,42.419558,-71.065879,11.712185,161.490356,5.0,3.0,11.86,0.0,1510239981000
888.0,42.41946,-71.065835,11.637417,161.490356,5.0,3.0,11.29,0.0,1510239982000
889.0,42.419372,-71.065795,10.912716,161.490356,5.0,4.0,10.71,0.0,1510239983000
890.0,42.419283,-71.065755,11.934994,161.490356,5.0,3.0,9.89,0.0,1510239984000
891.0,42.419207,-71.06572,12.034298,161.490356,5.0,3.0,9.17,0.0,1510239985000
892.0,42.419133,-71.0657,11.820889,168.422501,5.0,3.0,7.25,0.0,1510239986000
893.0,42.419069,-71.065682,11.839169,168.422501,5.0,3.0,6.03,0.0,1510239987000
894.0,42.419007,-71.065665,12.427792,168.422501,5.0,3.0,3.61,0.0,1510239988000
895.0,42.418993,-71.065661,12.574123,168.422501,5.0,3.0,2.45,0.0,1510239989000
896.0,42.418976,-71.065656,11.223812,168.422501,5.0,3.0,0.45,0.0,1510239990000
897.0,42.41898,-71.065657,12.622311,168.422501,5.0,3.0,0.0,0.0,1510239991000
898.0,42.418975,-71.065656,12.754482,168.422501,5.0,3.0,0.0,0.0,1510239992000
899.0,42.418976,-71.065656,12.908474,168.422501,5.0,3.0,0.0,0.0,1510239993000
900.0,42.418976,-71.065656,12.994595,168.422501,5.0,4.0,0.0,0.0,1510239994000
901.265,42.418976,-71.065656,12.994595,168.422501,5.0,4.0,0.0,0.0,1510239995265
901.0,42.418976,-71.065656,12.299129,168.422501,5.0,3.0,0.0,0.0,1510239995000
902.0,42.418978,-71.065657,13.332363,168.422501,5.0,3.0,0.0,0.0,1510239996000
903.0,42.418978,-71.065656,13.487087,168.422501,5.0,3.0,0.0,0.0,1510239997000
904.0,42.418978,-71.065657,12.3634,168.422501,5.0,3.0,0.19,0.0,1510239998000
905.0,42.418976,-71.065656,12.348537,168.422501,5.0,3.0,0.22,0.0,1510239999000
906.0,42.418977,-71.065656,13.19772,168.422501,5.0,3.0,0.0,0.0,1510240000000
907.0,42.418974,-71.065655,13.333004,168.422501,5.0,3.0,0.15,0.0,1510240001000
908.0,42.418975,-71.065656,13.49316,168.422501,5.0,3.0,0.0,0.0,1510240002000
909.0,42.418972,-71.065655,13.632931,168.422501,5.0,3.0,0.0,0.0,1510240003000
910.0,42.418973,-71.065655,12.088833,168.422501,5.0,3.0,0.0,0.0,1510240004000
911.0,42.418973,-71.065655,13.295681,168.422501,5.0,3.0,0.0,0.0,1510240005000
912.0,42.418975,-71.065656,13.440334,168.422501,5.0,3.0,0.0,0.0,1510240006000
913.0,42.418973,-71.065655,13.846828,168.422501,5.0,3.0,0.0,0.0,1510240007000
914.0,42.418973,-71.065655,13.996334,168.422501,5.0,3.0,0.0,0.0,1510240008000
915.0,42.418974,-71.065655,13.646816,168.422501,5.0,3.0,0.0,0.0,1510240009000
916.0,42.418976,-71.065656,13.794582,168.422501,5.0,3.0,0.15,0.0,1510240010000
917.0,42.418974,-71.065655,13.581905,168.422501,5.0,3.0,0.0,0.0,1510240011000
918.0,42.418975,-71.065656,13.717953,168.422501,5.0,3.0,0.0,0.0,1510240012000
919.0,42.418975,-71.065656,13.271572,168.422501,5.0,3.0,0.0,0.0,1510240013000
920.0,42.418975,-71.065656,13.402554,168.422501,5.0,3.0,0.0,0.0,1510240014000
921.0,42.418975,-71.065656,13.192043,168.422501,5.0,3.0,0.0,0.0,1510240015000
922.0,42.418974,-71.065655,13.310116,168.422501,5.0,4.0,0.0,0.0,1510240016000
923.0,42.418977,-71.065656,13.446224,168.422501,5.0,3.0,0.16,0.0,1510240017000
924.0,42.418969,-71.065654,13.596859,168.422501,5.0,4.0,1.19,0.0,1510240018000
925.0,42.418951,-71.065649,12.010189,168.422501,5.0,3.0,2.68,0.0,1510240019000
926.0,42.418918,-71.06564,12.074856,168.422501,5.0,4.0,3.89,0.0,1510240020000
927.0,42.418873,-71.065627,13.289944,168.422501,5.0,3.0,5.47,0.0,1510240021000
928.0,42.418814,-71.065611,13.37817,168.422501,5.0,4.0,6.57,0.0,1510240022000
929.0,42.418751,-71.065593,13.04446,168.422501,5.0,3.0,7.74,0.0,1510240023000
930.0,42.418681,-71.065574,13.051052,168.422501,5.0,3.0,8.22,0.0,1510240024000
931.0,42.418641,-71.065563,13.359737,168.422501,5.0,3.0,8.35,0.0,1510240025000
932.0,42.418529,-71.065544,13.511745,173.006958,5.0,3.0,8.37,0.0,1510240026000
933.0,42.418466,-71.065533,14.239407,173.006958,5.0,3.0,7.91,0.0,1510240027000
934.0,42.418396,-71.065522,14.406765,173.006958,5.0,4.0,6.81,0.0,1510240028000
935.0,42.41834,-71.065513,14.888485,173.006958,5.0,3.0,5.9,0.0,1510240029000
936.0,42.418293,-71.065506,14.288937,210.9375,5.0,3.0,5.41,0.0,1510240030000
937.0,42.418174,-71.065609,13.966763,235.898438,5.0,3.0,4.87,0.0,1510240031000
938.0,42.418176,-71.065666,14.559017,275.790497,5.0,3.0,4.58,0.0,1510240032000
939.0,42.41818,-71.065746,14.751247,275.790497,5.0,3.0,5.69,0.0,1510240033000
940.0,42.418185,-71.065818,14.787685,275.790497,5.0,3.0,6.53,0.0,1510240034000
941.0,42.418192,-71.065901,14.744961,275.790497,5.0,3.0,7.15,0.0,1510240035000
942.0,42.418198,-71.06599,14.378658,275.790497,5.0,3.0,7.42,0.0,1510240036000
943.0,42.418205,-71.066082,14.393581,275.790497,5.0,3.0,7.74,0.0,1510240037000
944.0,42.418213,-71.066186,13.930111,275.790497,5.0,3.0,8.16,0.0,1510240038000
945.0,42.418221,-71.066291,14.024899,275.790497,5.0,4.0,8.3,0.0,1510240039000
946.0,42.418228,-71.066388,13.669765,275.790497,5.0,3.0,8.45,0.0,1510240040000
947.0,42.418231,-71.066424,13.101223,275.790497,5.0,4.0,9.35,0.0,1510240041000
948.0,42.418248,-71.066646,12.98077,276.170166,5.0,3.0,9.57,0.0,1510240042000
949.0,42.418258,-71.066761,12.860165,276.170166,5.0,4.0,9.62,0.0,1510240043000
950.0,42.418262,-71.06682,13.612759,276.170166,5.0,3.0,9.79,0.0,1510240044000
951.0,42.418273,-71.066997,12.179806,273.763947,5.0,3.0,9.63,0.0,1510240045000
952.0,42.418275,-71.067109,12.108242,269.554138,5.0,3.0,9.47,0.0,1510240046000
953.0,42.418274,-71.06721,12.10815,269.554138,5.0,3.0,9.5,0.0,1510240047000
954.0,42.418273,-71.06733,11.786709,269.554138,5.0,3.0,9.3,0.0,1510240048000
955.0,42.418273,-71.067375,11.744228,269.554138,5.0,4.0,9.3,0.0,1510240049000
956.0,42.418265,-71.067564,11.664944,266.593567,5.0,3.0,9.33,0.0,1510240050000
957.0,42.41826,-71.067672,11.694973,266.593567,5.0,3.0,9.4,0.0,1510240051000
958.0,42.418255,-71.067785,12.156124,266.593567,5.0,3.0,9.18,0.0,1510240052000
959.0,42.41825,-71.0679,11.642605,266.593567,5.0,3.0,9.35,0.0,1510240053000
960.0,42.418245,-71.068021,11.809597,266.593567,5.0,3.0,9.38,0.0,1510240054000
961.0,42.41824,-71.068134,11.742458,266.593567,5.0,3.0,9.39,0.0,1510240055000
962.0,42.418234,-71.06826,11.794796,266.593567,5.0,3.0,9.75,0.0,1510240056000
963.0,42.418229,-71.068374,11.86224,266.593567,5.0,4.0,9.77,0.0,1510240057000
964.0,42.418223,-71.068494,11.996487,266.024445,5.0,3.0,9.95,0.0,1510240058000
965.0,42.418217,-71.068616,12.006161,266.024445,5.0,3.0,10.2,0.0,1510240059000
966.0,42.418211,-71.068743,11.89938,266.024445,5.0,3.0,10.28,0.0,1510240060000
967.0,42.418205,-71.068861,11.670742,266.024445,5.0,3.0,10.04,0.0,1510240061000
968.0,42.418199,-71.06898,12.946224,266.024445,5.0,3.0,9.37,0.0,1510240062000
969.0,42.418193,-71.069083,12.417233,266.024445,5.0,3.0,7.8,0.0,1510240063000
970.0,42.418189,-71.069167,12.173458,266.024445,5.0,3.0,6.19,0.0,1510240064000
971.0,42.418186,-71.069225,12.12405,266.024445,5.0,3.0,4.72,0.0,1510240065000
972.0,42.418184,-71.069269,12.459194,266.024445,5.0,3.0,2.72,0.0,1510240066000
973.0,42.418182,-71.069297,12.539455,266.024445,5.0,4.0,1.89,0.0,1510240067000
974.0,42.418181,-71.069318,12.971279,266.024445,5.0,3.0,1.05,0.0,1510240068000
975.0,42.418181,-71.06933,12.162594,266.024445,5.0,3.0,0.54,0.0,1510240069000
976.0,42.41818,-71.069335,12.234463,266.024445,5.0,3.0,0.25,0.0,1510240070000
977.0,42.41818,-71.069336,13.006924,266.024445,5.0,3.0,0.0,0.0,1510240071000
978.0,42.41818,-71.069336,12.872036,266.024445,5.0,3.0,0.0,0.0,1510240072000
979.0,42.41818,-71.069341,12.932491,266.024445,5.0,3.0,0.22,0.0,1510240073000
980.0,42.41818,-71.069342,12.087307,266.024445,5.0,3.0,0.17,0.0,1510240074000
981.0,42.41818,-71.069343,12.107418,266.024445,5.0,3.0,0.0,0.0,1510240075000
982.0,42.41818,-71.069342,12.744717,266.024445,5.0,3.0,0.0,0.0,1510240076000
983.0,42.41818,-71.06934,11.969967,266.024445,5.0,3.0,0.0,0.0,1510240077000
984.0,42.41818,-71.06934,11.950436,266.024445,5.0,3.0,0.0,0.0,1510240078000
985.0,42.41818,-71.06934,11.783352,266.024445,5.0,4.0,0.0,0.0,1510240079000
986.0,42.41818,-71.06934,11.764706,266.024445,5.0,4.0,0.0,0.0,1510240080000
987.0,42.41818,-71.06934,11.743435,266.024445,5.0,3.0,0.0,0.0,1510240081000
988.0,42.41818,-71.06934,11.719845,266.024445,5.0,4.0,0.0,0.0,1510240082000
989.0,42.41818,-71.06934,11.808193,266.024445,5.0,3.0,0.0,0.0,1510240083000
990.0,42.41818,-71.069347,11.678371,266.024445,5.0,3.0,1.27,0.0,1510240084000
991.0,42.418178,-71.069376,11.423092,266.024445,5.0,4.0,2.95,0.0,1510240085000
992.0,42.418176,-71.069427,11.62521,266.024445,5.0,3.0,4.74,0.0,1510240086000
993.0,42.418173,-71.069494,11.784267,266.782196,5.0,3.0,6.1,0.0,1510240087000
994.0,42.418169,-71.069584,11.632687,266.782196,5.0,3.0,7.51,0.0,1510240088000
995.0,42.418165,-71.06968,12.347134,266.782196,5.0,3.0,8.43,0.0,1510240089000
996.0,42.418239,-71.069795,11.635189,267.539062,5.0,3.0,8.96,0.0,1510240090000
997.0,42.418231,-71.069905,10.573727,265.78125,5.0,3.0,9.36,0.0,1510240091000
998.0,42.418223,-71.070022,10.094204,266.132812,5.0,3.0,9.9,0.0,1510240092000
999.0,42.418219,-71.070146,9.634335,266.484375,5.0,3.0,10.21,0.0,1510240093000
1000.0,42.418208,-71.070277,9.387173,265.429688,5.0,3.0,10.68,0.0,1510240094000
1001.0,42.418206,-71.070407,9.051846,266.835938,5.0,3.0,10.97,0.0,1510240095000
1002.0,42.418199,-71.070544,8.500668,268.242188,5.0,4.0,11.33,0.0,1510240096000
1003.0,42.418192,-71.070677,7.770077,268.945312,5.0,3.0,11.59,0.0,1510240097000
1004.0,42.418177,-71.070823,7.491085,267.1875,5.0,3.0,11.82,0.0,1510240098000
1005.0,42.418169,-71.070963,7.331814,266.132812,5.0,3.0,11.96,0.0,1510240099000
1006.0,42.418163,-71.071106,7.124447,266.132812,5.0,3.0,12.06,0.0,1510240100000
1007.0,42.418155,-71.071253,6.924496,266.132812,5.0,4.0,12.23,0.0,1510240101000
1008.0,42.418154,-71.071402,6.590115,266.484375,5.0,3.0,12.34,0.0,1510240102000
1009.0,42.418154,-71.071552,6.323849,267.1875,5.0,3.0,12.28,0.0,1510240103000
1010.0,42.418147,-71.071699,6.08691,266.484375,5.0,3.0,12.11,0.0,1510240104000
1011.0,42.418131,-71.071842,6.208431,264.726562,5.0,3.0,11.92,0.0,1510240105000
1012.0,42.418117,-71.071988,6.30801,262.265625,5.0,3.0,11.7,0.0,1510240106000
1013.0,42.418101,-71.07213,5.514706,260.15625,5.0,3.0,11.65,0.0,1510240107000
1014.0,42.418082,-71.072272,5.274654,259.453125,5.0,3.0,11.75,0.0,1510240108000
1015.0,42.41806,-71.072409,5.071438,258.75,5.0,3.0,11.79,0.0,1510240109000
1016.0,42.418038,-71.072553,4.564205,257.34375,5.0,3.0,11.95,0.0,1510240110000
1017.0,42.418015,-71.072694,4.589748,257.695312,5.0,3.0,12.35,0.0,1510240111000
1018.0,42.417992,-71.072838,4.61047,258.046875,5.0,3.0,12.22,0.0,1510240112000
1019.0,42.417971,-71.072972,4.413296,258.046875,5.0,3.0,11.68,0.0,1510240113000
1020.0,42.41795,-71.073113,4.452663,259.453125,5.0,3.0,11.56,0.0,1510240114000
1021.0,42.417926,-71.073248,4.372128,261.210938,5.0,3.0,11.62,0.0,1510240115000
1022.0,42.41791,-71.073405,4.33514,261.5625,5.0,3.0,12.43,0.0,1510240116000
1023.0,42.417898,-71.073567,4.35754,261.914062,5.0,3.0,13.2,0.0,1510240117000
1024.0,42.417874,-71.073727,4.538143,262.265625,5.0,3.0,13.7,0.0,1510240118000
1025.0,42.417852,-71.073893,4.809231,261.914062,5.0,3.0,13.9,0.0,1510240119000
1026.0,42.41783,-71.074057,5.003811,261.5625,5.0,3.0,13.63,0.0,1510240120000
1027.0,42.417807,-71.074219,5.329891,261.210938,5.0,3.0,13.33,0.0,1510240121000
1028.0,42.417782,-71.074368,6.119625,260.15625,5.0,3.0,12.5,0.0,1510240122000
1029.0,42.417761,-71.07451,6.062557,259.453125,5.0,3.0,11.79,0.0,1510240123000
1030.0,42.417743,-71.074663,5.915676,259.453125,5.0,3.0,11.87,0.0,1510240124000
1031.0,42.417724,-71.074795,6.168026,260.15625,5.0,3.0,11.42,0.0,1510240125000
1032.0,42.417711,-71.074929,7.33099,260.859375,5.0,3.0,10.39,0.0,1510240126000
1033.0,42.417698,-71.075051,6.267971,262.96875,5.0,3.0,9.09,0.0,1510240127000
1034.0,42.41769,-71.075145,6.531307,263.320312,5.0,3.0,8.11,0.0,1510240128000
1035.0,42.417682,-71.07523,6.731167,263.671875,5.0,3.0,6.72,0.0,1510240129000
1036.0,42.417676,-71.075303,6.769497,263.671875,5.0,3.0,5.31,0.0,1510240130000
1037.0,42.417669,-71.07535,7.455013,264.023438,5.0,3.0,3.36,0.0,1510240131000
1038.0,42.417669,-71.075376,7.064846,264.375,5.0,3.0,1.27,0.0,1510240132000
1039.0,42.417668,-71.075381,7.305294,264.375,5.0,3.0,0.31,0.0,1510240133000
1040.0,42.417667,-71.075385,6.997646,264.023438,5.0,3.0,0.16,0.0,1510240134000
1041.0,42.417669,-71.075387,7.08926,264.023438,5.0,3.0,0.3,0.0,1510240135000
1042.0,42.417668,-71.07539,7.516811,264.023438,5.0,3.0,0.3,0.0,1510240136000
1043.0,42.417668,-71.07539,6.320217,263.671875,5.0,3.0,0.0,0.0,1510240137000
1044.0,42.417668,-71.07539,6.427822,263.671875,5.0,4.0,0.0,0.0,1510240138000
1045.0,42.417668,-71.07539,6.623348,263.671875,5.0,3.0,0.0,0.0,1510240139000
1046.0,42.417668,-71.07539,6.757839,263.671875,5.0,3.0,0.0,0.0,1510240140000
1047.0,42.417668,-71.07539,6.527615,263.671875,5.0,3.0,0.0,0.0,1510240141000
1048.0,42.417668,-71.07539,6.650204,263.671875,5.0,3.0,0.0,0.0,1510240142000
1049.0,42.417668,-71.07539,6.425808,263.671875,5.0,3.0,0.0,0.0,1510240143000
1050.0,42.417668,-71.07539,6.545742,263.671875,5.0,3.0,0.0,0.0,1510240144000
1051.0,42.417672,-71.075394,8.306911,263.671875,5.0,3.0,0.15,0.0,1510240145000
1052.0,42.417672,-71.075394,6.26199,263.671875,5.0,3.0,0.0,0.0,1510240146000
1053.0,42.417672,-71.075394,6.363949,263.671875,5.0,3.0,0.0,0.0,1510240147000
1054.0,42.417672,-71.075394,6.324093,263.671875,5.0,3.0,0.0,0.0,1510240148000
1055.0,42.417672,-71.075394,6.436062,263.671875,5.0,3.0,0.0,0.0,1510240149000
1056.0,42.417672,-71.075394,8.218899,263.671875,5.0,3.0,0.0,0.0,1510240150000
1057.0,42.417672,-71.075394,6.456264,263.671875,5.0,3.0,0.0,0.0,1510240151000
1058.0,42.417672,-71.075394,6.710659,263.671875,5.0,3.0,0.0,0.0,1510240152000
1059.0,42.417672,-71.075394,6.673763,263.671875,5.0,3.0,0.0,0.0,1510240153000
1060.0,42.417672,-71.075394,6.928066,263.671875,5.0,3.0,0.0,0.0,1510240154000
1061.0,42.417672,-71.075394,6.775692,263.671875,5.0,3.0,0.0,0.0,1510240155000
1062.0,42.417672,-71.075394,7.047604,263.671875,5.0,3.0,0.0,0.0,1510240156000
1063.0,42.417672,-71.075394,8.506161,263.671875,5.0,3.0,0.0,0.0,1510240157000
1064.0,42.417672,-71.075394,6.545864,263.671875,5.0,3.0,0.0,0.0,1510240158000
1065.0,42.417672,-71.075394,6.816921,263.671875,5.0,3.0,0.0,0.0,1510240159000
1066.0,42.417664,-71.075395,6.958828,263.671875,5.0,3.0,0.15,0.0,1510240160000
1067.0,42.417666,-71.075394,7.232998,263.671875,5.0,3.0,0.21,0.0,1510240161000
1068.0,42.417666,-71.075394,6.771481,263.671875,5.0,3.0,0.0,0.0,1510240162000
1069.0,42.417666,-71.075394,7.16119,263.671875,5.0,3.0,0.0,0.0,1510240163000
1070.0,42.417666,-71.075394,8.504879,263.671875,5.0,3.0,0.0,0.0,1510240164000
1071.0,42.417666,-71.075394,6.655666,263.671875,5.0,3.0,0.0,0.0,1510240165000
1072.0,42.417666,-71.075394,7.033291,263.320312,5.0,3.0,0.0,0.0,1510240166000
1073.0,42.417666,-71.075394,8.707851,263.671875,5.0,3.0,0.0,0.0,1510240167000
1074.0,42.417666,-71.075394,6.390621,263.671875,5.0,3.0,0.0,0.0,1510240168000
1075.0,42.417666,-71.075394,6.419796,263.671875,5.0,3.0,0.0,0.0,1510240169000
1076.0,42.417666,-71.075394,6.646694,263.320312,5.0,3.0,0.0,0.0,1510240170000
1077.0,42.417666,-71.075394,6.326321,263.671875,5.0,3.0,0.0,0.0,1510240171000
1078.0,42.417666,-71.075394,6.52792,263.671875,5.0,4.0,0.0,0.0,1510240172000
1079.0,42.417666,-71.075394,6.324459,263.671875,5.0,3.0,0.0,0.0,1510240173000
1080.0,42.417666,-71.075394,6.538021,263.671875,5.0,3.0,0.0,0.0,1510240174000
1081.0,42.417666,-71.075394,6.412228,263.671875,5.0,3.0,0.0,0.0,1510240175000
1082.0,42.417666,-71.075394,6.634823,263.671875,5.0,4.0,0.0,0.0,1510240176000
1083.0,42.417666,-71.075394,6.625179,263.671875,5.0,3.0,0.0,0.0,1510240177000
1084.0,42.417666,-71.075394,6.30801,263.671875,5.0,3.0,0.0,0.0,1510240178000
1085.0,42.417666,-71.075394,6.644283,263.671875,5.0,3.0,0.0,0.0,1510240179000
1086.0,42.417666,-71.075394,8.052639,263.671875,5.0,4.0,0.0,0.0,1510240180000
1087.0,42.417666,-71.075394,6.393917,263.671875,5.0,3.0,0.0,0.0,1510240181000
1088.0,42.417666,-71.075394,6.040646,263.671875,5.0,3.0,0.0,0.0,1510240182000
1089.0,42.417666,-71.075394,6.317471,263.671875,5.0,3.0,0.0,0.0,1510240183000
1090.0,42.417666,-71.075394,8.033596,263.671875,5.0,4.0,0.0,0.0,1510240184000
1091.0,42.417666,-71.075394,6.277889,263.671875,5.0,3.0,0.0,0.0,1510240185000
1092.0,42.417666,-71.075394,6.485744,263.671875,5.0,4.0,0.0,0.0,1510240186000
1093.0,42.417666,-71.075394,6.301785,263.671875,5.0,3.0,0.0,0.0,1510240187000
1094.0,42.417666,-71.075394,6.510189,263.671875,5.0,3.0,0.0,0.0,1510240188000
1095.0,42.417666,-71.075394,6.572781,263.671875,5.0,3.0,0.0,0.0,1510240189000
1096.0,42.417666,-71.075394,6.814877,263.671875,5.0,3.0,0.0,0.0,1510240190000
1097.0,42.417666,-71.075394,6.845669,263.671875,5.0,3.0,0.0,0.0,1510240191000
1098.0,42.417666,-71.075394,7.108517,263.671875,5.0,3.0,0.0,0.0,1510240192000
1099.0,42.417666,-71.075394,6.854275,263.671875,5.0,3.0,0.0,0.0,1510240193000
1100.0,42.417666,-71.075394,7.121731,263.671875,5.0,3.0,0.0,0.0,1510240194000
1101.0,42.417672,-71.075401,6.740749,263.671875,5.0,3.0,0.37,0.0,1510240195000
1102.0,42.41767,-71.075419,7.163967,263.671875,5.0,3.0,1.73,0.0,1510240196000
1103.0,42.417667,-71.075454,7.066891,263.320312,5.0,3.0,3.87,0.0,1510240197000
1104.0,42.417666,-71.075504,7.563381,262.96875,5.0,3.0,4.63,0.0,1510240198000
1105.0,42.417656,-71.075569,8.859158,260.859375,5.0,3.0,6.01,0.0,1510240199000
1106.0,42.417638,-71.075644,7.53088,244.335938,5.0,3.0,6.5,0.0,1510240200000
1107.0,42.417598,-71.075703,7.364376,221.132812,5.0,3.0,6.96,0.0,1510240201000
1108.0,42.41753,-71.075736,9.218868,197.226562,5.0,3.0,7.84,0.0,1510240202000
1109.0,42.417451,-71.075741,8.99902,180.0,5.0,3.0,8.93,0.0,1510240203000
1110.0,42.417366,-71.075756,7.640835,177.890625,5.0,3.0,9.81,0.0,1510240204000
1111.0,42.41728,-71.075756,7.904751,177.539062,5.0,3.0,10.45,0.0,1510240205000
1112.0,42.417178,-71.075751,8.345882,178.242188,5.0,3.0,11.18,0.0,1510240206000
1113.0,42.417073,-71.075744,8.624783,178.59375,5.0,3.0,11.84,0.0,1510240207000
1114.0,42.416965,-71.075744,7.524075,180.703125,5.0,3.0,12.25,0.0,1510240208000
1115.0,42.416853,-71.075745,7.693661,180.703125,5.0,3.0,12.9,0.0,1510240209000
1116.0,42.416732,-71.075743,7.158749,180.703125,5.0,3.0,12.99,0.0,1510240210000
1117.0,42.416614,-71.075742,7.588131,181.054688,5.0,3.0,13.14,0.0,1510240211000
1118.0,42.416497,-71.075741,9.707363,181.40625,5.0,3.0,13.17,0.0,1510240212000
1119.0,42.416387,-71.075742,9.984554,182.109375,5.0,3.0,13.06,0.0,1510240213000
1120.0,42.41627,-71.075753,5.796902,184.21875,5.0,3.0,13.02,0.0,1510240214000
1121.0,42.41615,-71.075772,5.870907,185.625,5.0,3.0,13.04,0.0,1510240215000
1122.0,42.416036,-71.07579,6.00729,187.734375,5.0,3.0,13.0,0.0,1510240216000
1123.0,42.415922,-71.075807,5.864071,188.085938,5.0,3.0,13.06,0.0,1510240217000
1124.0,42.415802,-71.075831,5.487209,189.84375,5.0,3.0,13.12,0.0,1510240218000
1125.0,42.415685,-71.075859,5.47546,192.304688,5.0,3.0,13.17,0.0,1510240219000
1126.0,42.415566,-71.075897,5.429134,194.765625,5.0,3.0,13.55,0.0,1510240220000
1127.0,42.41545,-71.075936,5.394497,196.171875,5.0,3.0,13.63,0.0,1510240221000
1128.0,42.415324,-71.075982,5.469601,196.875,5.0,3.0,13.78,0.0,1510240222000
1129.0,42.415207,-71.07603,5.465633,196.875,5.0,3.0,13.77,0.0,1510240223000
1130.0,42.415082,-71.076073,5.747799,196.523438,5.0,3.0,13.78,0.0,1510240224000
1131.0,42.414964,-71.076119,6.072048,196.171875,5.0,3.0,13.78,0.0,1510240225000
1132.0,42.414838,-71.076168,5.701504,196.171875,5.0,3.0,14.0,0.0,1510240226000
1133.0,42.414715,-71.076214,5.845272,196.523438,5.0,3.0,14.06,0.0,1510240227000
1134.0,42.414594,-71.076264,8.161465,197.226562,5.0,3.0,14.14,0.0,1510240228000
1135.0,42.414475,-71.076314,6.331539,197.226562,5.0,3.0,14.23,0.0,1510240229000
1136.0,42.41435,-71.076364,6.761227,197.226562,5.0,3.0,14.31,0.0,1510240230000
1137.0,42.414225,-71.076415,8.643642,197.578125,5.0,3.0,14.41,0.0,1510240231000
1138.0,42.414107,-71.076467,8.122494,196.875,5.0,3.0,14.4,0.0,1510240232000
1139.0,42.41398,-71.076512,6.439022,194.414062,5.0,3.0,14.35,0.0,1510240233000
1140.0,42.413854,-71.076552,6.529446,190.898438,5.0,3.0,14.33,0.0,1510240234000
1141.0,42.413723,-71.076582,6.530453,188.4375,5.0,3.0,14.45,0.0,1510240235000
1142.0,42.413591,-71.076607,6.811428,185.976562,5.0,3.0,14.52,0.0,1510240236000
1143.0,42.413449,-71.07662,6.509731,181.40625,5.0,3.0,14.7,0.0,1510240237000
1144.0,42.413326,-71.076621,6.555386,180.703125,5.0,3.0,14.7,0.0,1510240238000
1145.0,42.413195,-71.076624,6.777676,180.703125,5.0,3.0,14.85,0.0,1510240239000
1146.0,42.413059,-71.076628,7.121944,180.703125,5.0,3.0,15.27,0.0,1510240240000
1147.0,42.412925,-71.076629,6.323208,181.054688,5.0,3.0,15.53,0.0,1510240241000
1148.0,42.412778,-71.076632,6.518215,181.40625,5.0,3.0,15.61,0.0,1510240242000
1149.0,42.412638,-71.076627,6.532772,180.703125,5.0,3.0,15.58,0.0,1510240243000
1150.0,42.412502,-71.076627,6.612209,180.351562,5.0,3.0,15.44,0.0,1510240244000
1151.0,42.412366,-71.076624,5.622219,180.351562,5.0,3.0,15.24,0.0,1510240245000
1152.0,42.41222,-71.076626,5.586025,180.703125,5.0,3.0,15.22,0.0,1510240246000
1153.0,42.412084,-71.076626,8.535763,180.703125,5.0,4.0,15.31,0.0,1510240247000
1154.0,42.411948,-71.076627,7.420589,181.054688,5.0,4.0,15.34,0.0,1510240248000
1155.0,42.411809,-71.076631,5.367947,180.703125,5.0,3.0,15.33,0.0,1510240249000
1156.0,42.411667,-71.076631,5.346249,180.703125,5.0,3.0,15.44,0.0,1510240250000
1157.0,42.411524,-71.076628,5.583981,180.703125,5.0,3.0,15.43,0.0,1510240251000
1158.0,42.411388,-71.076629,5.837582,180.703125,5.0,3.0,15.37,0.0,1510240252000
1159.0,42.411249,-71.076624,6.065517,180.351562,5.0,3.0,15.23,0.0,1510240253000
1160.0,42.411108,-71.076625,6.121914,180.703125,5.0,3.0,15.18,0.0,1510240254000
1161.0,42.410977,-71.076626,8.91946,180.351562,5.0,3.0,14.94,0.0,1510240255000
1162.0,42.41084,-71.076635,8.613338,180.703125,5.0,3.0,15.06,0.0,1510240256000
1163.0,42.410708,-71.076642,8.390652,181.40625,5.0,3.0,14.87,0.0,1510240257000
1164.0,42.410574,-71.07665,7.933376,182.109375,5.0,3.0,14.85,0.0,1510240258000
1165.0,42.410441,-71.076652,7.936611,181.757812,5.0,3.0,14.81,0.0,1510240259000
1166.0,42.410307,-71.076647,7.635494,181.40625,5.0,4.0,14.83,0.0,1510240260000
1167.0,42.410163,-71.076634,5.444515,180.0,5.0,3.0,15.26,0.0,1510240261000
1168.002,42.41002,-71.076636,5.507076,179.648438,5.0,3.0,15.64,0.0,1510240262002
1169.0,42.409881,-71.07664,4.861782,180.351562,5.0,3.0,15.46,0.0,1510240263000
1170.0,42.409743,-71.076641,4.804958,180.703125,5.0,3.0,15.52,0.0,1510240264000
1171.0,42.409602,-71.076645,5.045895,181.054688,5.0,3.0,15.54,0.0,1510240265000
1172.0,42.409458,-71.076652,5.35104,181.054688,5.0,3.0,15.66,0.0,1510240266000
1173.0,42.409319,-71.07665,5.567501,181.054688,5.0,3.0,15.69,0.0,1510240267000
1174.0,42.409175,-71.076653,5.813076,181.054688,5.0,3.0,16.110001,0.0,1510240268000
1175.0,42.409027,-71.076657,5.971767,181.054688,5.0,3.0,16.450001,0.0,1510240269000
1176.0,42.408878,-71.076661,5.67474,181.40625,5.0,3.0,16.6,0.0,1510240270000
1177.0,42.408726,-71.076665,5.797085,181.054688,5.0,3.0,16.74,0.0,1510240271000
1178.0,42.408576,-71.076667,5.903652,181.40625,5.0,3.0,16.709999,0.0,1510240272000
1179.0,42.408425,-71.076674,5.802944,181.40625,5.0,3.0,16.700001,0.0,1510240273000
1180.0,42.408275,-71.076677,6.149166,181.054688,5.0,3.0,16.67,0.0,1510240274000
1181.0,42.408127,-71.076673,6.249569,180.0,5.0,3.0,16.549999,0.0,1510240275000
1182.0,42.407979,-71.076671,6.271053,179.648438,5.0,3.0,16.5,0.0,1510240276000
1183.0,42.407833,-71.076667,6.393124,178.945312,5.0,3.0,16.32,0.0,1510240277000
1184.0,42.407687,-71.076663,6.371365,178.59375,5.0,3.0,16.110001,0.0,1510240278000
1185.0,42.407543,-71.076659,6.297115,178.945312,5.0,3.0,15.95,0.0,1510240279000
1186.0,42.407402,-71.076655,6.24374,178.945312,5.0,3.0,15.81,0.0,1510240280000
1187.0,42.407261,-71.076653,6.37225,180.0,5.0,3.0,15.63,0.0,1510240281000
1188.0,42.407125,-71.076653,6.584774,180.351562,5.0,3.0,15.17,0.0,1510240282000
1189.0,42.406999,-71.076656,6.235043,181.054688,5.0,3.0,14.2,0.0,1510240283000
1190.0,42.406887,-71.07666,6.028561,181.757812,5.0,3.0,12.72,0.0,1510240284000
1191.0,42.406793,-71.076662,6.01376,181.054688,5.0,3.0,10.79,0.0,1510240285000
1192.0,42.406716,-71.076654,5.985653,173.320312,5.0,3.0,8.29,0.0,1510240286000
1193.0,42.406651,-71.076622,6.210201,156.796875,5.0,3.0,7.45,0.0,1510240287000
1194.0,42.406602,-71.076565,5.631557,127.617188,5.0,3.0,7.33,0.0,1510240288000
1195.0,42.406574,-71.076485,5.796444,109.335938,5.0,3.0,7.59,0.0,1510240289000
1196.0,42.40656,-71.07639,5.809628,91.40625,5.0,3.0,8.0,0.0,1510240290000
1197.0,42.406558,-71.076288,5.289791,86.132812,5.0,3.0,8.68,0.0,1510240291000
1198.0,42.406559,-71.076177,5.052792,86.484375,5.0,3.0,9.25,0.0,1510240292000
1199.0,42.406559,-71.076066,4.658382,87.1875,5.0,3.0,9.42,0.0,1510240293000
1200.0,42.406563,-71.075947,6.009609,88.59375,5.0,3.0,9.43,0.0,1510240294000
1201.0,42.406557,-71.075828,4.906155,90.351562,5.0,3.0,9.75,0.0,1510240295000
1202.0,42.406555,-71.075711,4.721493,91.40625,5.0,3.0,9.81,0.0,1510240296000
1203.0,42.406556,-71.075593,6.289364,91.40625,5.0,3.0,9.87,0.0,1510240297000
1204.0,42.406553,-71.075471,5.634914,90.703125,5.0,3.0,9.84,0.0,1510240298000
1205.0,42.406553,-71.075353,5.519924,90.351562,5.0,3.0,9.76,0.0,1510240299000
1206.0,42.406549,-71.075239,6.399563,90.703125,5.0,3.0,9.19,0.0,1510240300000
1207.0,42.406544,-71.075138,6.355801,95.273438,5.0,3.0,8.2,0.0,1510240301000
1208.0,42.406533,-71.07504,6.589352,102.65625,5.0,3.0,7.27,0.0,1510240302000
1209.0,42.406517,-71.074963,6.714382,108.984375,5.0,3.0,6.34,0.0,1510240303000
1210.0,42.406502,-71.074896,6.66116,110.039062,5.0,3.0,5.5,0.0,1510240304000
1211.0,42.406499,-71.074844,6.432156,93.164062,5.0,3.0,4.28,0.0,1510240305000
1212.0,42.406505,-71.074806,6.482204,75.234375,5.0,3.0,2.73,0.0,1510240306000
1213.0,42.406512,-71.074784,6.768215,65.039062,5.0,3.0,1.39,0.0,1510240307000
1214.0,42.406515,-71.074779,6.646694,62.578125,5.0,3.0,0.18,0.0,1510240308000
1215.0,42.406515,-71.074779,6.618862,62.578125,5.0,3.0,0.0,0.0,1510240309000
1216.0,42.406515,-71.074779,6.301205,62.578125,5.0,3.0,0.0,0.0,1510240310000
1217.0,42.406515,-71.074779,6.413723,62.578125,5.0,3.0,0.0,0.0,1510240311000
1218.0,42.406515,-71.074779,6.422451,62.578125,5.0,3.0,0.0,0.0,1510240312000
1219.0,42.406515,-71.074779,6.589413,62.578125,5.0,3.0,0.0,0.0,1510240313000
1220.0,42.406515,-71.074779,6.630306,62.578125,5.0,4.0,0.0,0.0,1510240314000
1221.0,42.406515,-71.074779,6.8009,62.578125,5.0,3.0,0.0,0.0,1510240315000
1222.0,42.406515,-71.074779,6.712307,62.929688,5.0,3.0,0.0,0.0,1510240316000
1223.0,42.406519,-71.074779,6.759121,62.929688,5.0,3.0,0.17,0.0,1510240317000
1224.0,42.406519,-71.074776,6.662228,62.929688,5.0,3.0,0.18,0.0,1510240318000
1225.0,42.406519,-71.074776,6.747982,62.929688,5.0,3.0,0.0,0.0,1510240319000
1226.0,42.40652,-71.074784,6.739071,63.28125,5.0,3.0,0.21,0.0,1510240320000
1227.0,42.40652,-71.074787,6.719662,63.28125,5.0,3.0,0.27,0.0,1510240321000
1228.0,42.406517,-71.074793,6.746731,63.632812,5.0,3.0,0.25,0.0,1510240322000
1229.0,42.406519,-71.074793,6.732906,63.632812,5.0,3.0,0.22,0.0,1510240323000
1230.0,42.406518,-71.074794,6.687984,63.632812,5.0,3.0,0.15,0.0,1510240324000
1231.0,42.406518,-71.074794,6.272274,63.632812,5.0,3.0,0.0,0.0,1510240325000
1232.0,42.406518,-71.074794,6.284206,63.28125,5.0,3.0,0.0,0.0,1510240326000
1233.0,42.406518,-71.074794,6.757565,63.28125,5.0,3.0,0.0,0.0,1510240327000
1234.0,42.406518,-71.074794,6.243771,63.632812,5.0,3.0,0.0,0.0,1510240328000
1235.0,42.406518,-71.074794,6.25491,63.632812,5.0,3.0,0.0,0.0,1510240329000
1236.0,42.406518,-71.074794,6.749844,63.632812,5.0,3.0,0.0,0.0,1510240330000
1237.0,42.406518,-71.074794,6.622128,63.632812,5.0,4.0,0.0,0.0,1510240331000
1238.0,42.406518,-71.074794,6.673489,63.632812,5.0,3.0,0.0,0.0,1510240332000
1239.0,42.406518,-71.074794,6.73901,63.632812,5.0,3.0,0.0,0.0,1510240333000
1240.0,42.406518,-71.074794,6.506863,63.28125,5.0,3.0,0.0,0.0,1510240334000
1241.0,42.406518,-71.074794,6.535793,63.28125,5.0,3.0,0.0,0.0,1510240335000
1242.0,42.406518,-71.074794,6.45837,63.28125,5.0,3.0,0.0,0.0,1510240336000
1243.0,42.406518,-71.074794,6.490108,63.28125,5.0,3.0,0.0,0.0,1510240337000
1244.0,42.406518,-71.074794,6.515987,63.28125,5.0,3.0,0.0,0.0,1510240338000
1245.0,42.406518,-71.074794,6.545132,63.28125,5.0,3.0,0.0,0.0,1510240339000
1246.0,42.406518,-71.074794,6.746212,63.28125,5.0,3.0,0.0,0.0,1510240340000
1247.0,42.406518,-71.074794,6.506252,63.28125,5.0,3.0,0.0,0.0,1510240341000
1248.0,42.406518,-71.074794,6.544582,63.28125,5.0,3.0,0.0,0.0,1510240342000
1249.0,42.406518,-71.074794,6.593929,63.28125,5.0,3.0,0.0,0.0,1510240343000
1250.0,42.406518,-71.074794,6.624966,63.28125,5.0,3.0,0.0,0.0,1510240344000
1251.0,42.406532,-71.074787,6.506008,22.5,5.0,3.0,1.28,0.0,1510240345000
1252.0,42.40654,-71.074781,6.327541,52.734375,5.0,3.0,1.06,0.0,1510240346000
1253.0,42.406518,-71.074802,6.918209,81.914062,5.0,3.0,0.9,0.0,1510240347000
1254.0,42.406514,-71.074803,7.130703,90.703125,5.0,3.0,1.23,0.0,1510240348000
1255.0,42.406507,-71.074817,6.954739,89.648438,5.0,3.0,1.21,0.0,1510240349000
1256.0,42.406498,-71.074848,6.480648,102.304688,5.0,3.0,1.28,0.0,1510240350000
1257.0,42.406496,-71.07484,6.535915,91.054688,5.0,3.0,1.28,0.0,1510240351000
1258.0,42.406491,-71.074849,6.871426,91.054688,5.0,4.0,1.27,0.0,1510240352000
1259.0,42.406485,-71.074869,6.890285,91.054688,5.0,4.0,1.02,0.0,1510240353000
1260.0,42.406476,-71.074881,6.409847,235.195312,5.0,3.0,1.17,0.0,1510240354000
1261.262,42.406476,-71.074881,6.409847,235.195312,5.0,3.0,1.17,0.0,1510240355262
1261.0,42.406465,-71.074895,6.274899,233.789062,5.0,3.0,1.26,0.0,1510240355000
