,x,y,z
0.0,0.0006544,0.0017636,0.0025594
0.01,-0.00202763636364,-0.00640436363636,-0.000741909090909
0.02,0.00246781818182,0.00547309090909,-0.00261981818182
0.03,-0.000834,0.003214,-0.000388
0.04,-0.000923,0.009369,0.003213
0.05,-0.00290209090909,-0.00741190909091,0.00115118181818
0.06,0.0011876,-0.0013041,0.00198
0.07,0.00167872727273,-0.001438,0.004102
0.08,-0.0003732,0.0051944,0.0025224
0.09,-0.000783,-0.000239636363636,0.00208581818182
0.1,6.17e-05,0.0005198,-0.0004822
0.11,0.00276281818182,0.000450181818182,-0.00234872727273
0.12,0.002567,0.0047184,-0.00137
0.13,-0.000379909090909,0.00276836363636,-0.000383636363636
0.14,-0.000766,-0.0010895,0.0002625
0.15,-0.000704818181818,0.002324,0.00194909090909
0.16,-0.000759727272727,0.00612381818182,0.00279963636364
0.17,0.0005271,0.0024871,0.0005973
0.18,-0.001581,-0.00618527272727,-0.00141081818182
0.19,-0.0005304,-0.000471,0.000867
0.2,0.000382545454545,0.00399372727273,-0.002947
0.21,0.0004156,0.0017529,0.0019464
0.22,0.000676727272727,-0.000907,0.000764
0.23,0.002964,-0.005357,-0.000296
0.24,0.000358,0.005693,0.004471
0.25,-0.00186472727273,0.00566754545455,0.00335463636364
0.26,-0.0031058,0.0001147,-1.5e-06
0.27,0.000825272727273,-0.00346872727273,0.00267509090909
0.28,0.00256109090909,-0.000551272727273,0.001542
0.29,-0.0005606,0.0016055,-0.0025716
0.3,-0.00198463636364,-0.00116190909091,-0.000129727272727
0.31,0.0010304,-0.0066006,0.0021514
0.32,0.00359145454545,-0.00233318181818,0.00145172727273
0.33,0.001019,0.002611,0.000841
0.34,-0.00257527272727,0.00141427272727,0.00417072727273
0.35,-0.002672,-0.0041678,0.00529
0.36,-0.00100145454545,-0.00751836363636,0.000489272727273
0.37,0.0001067,-0.0019538,-0.0021694
0.38,-0.000419181818182,-0.00171863636364,-0.003782
0.39,0.000588272727273,0.00546045454545,0.00258709090909
0.4,0.0017551,-0.0059868,-4.99e-05
0.41,0.00156218181818,-0.000339818181818,0.00198063636364
0.42,0.000434,0.000762,0.000857
0.43,0.001568,0.00692,0.002021
0.44,-0.000541090909091,-0.000919090909091,0.002091
0.45,-0.0007682,-0.0006041,-0.0001106
0.46,0.00118627272727,0.00255263636364,-0.000379727272727
0.47,0.0007034,-0.0007258,-0.003277
0.48,-0.000389272727273,-0.00350090909091,-0.00132218181818
0.49,6.82e-05,0.0009943,-0.0012203
0.5,0.000448181818182,8.09090909091e-05,-0.00157645454545
0.51,-0.0003126,0.0019822,0.0013318
0.52,-0.000778636363636,0.000418272727273,0.00263227272727
0.53,-0.000190909090909,-0.00180990909091,0.00265545454545
0.54,-6.84e-05,0.001985,0.001332
0.55,0.000497727272727,0.00432927272727,-0.000730636363636
0.56,0.002121,0.0027433,0.001575
0.57,-0.000556727272727,0.000418636363636,0.00229981818182
0.58,-0.002133,-0.0073798,-0.0005362
0.59,0.001607,0.00444881818182,-0.001617
0.6,0.0014866,0.0043252,-0.00125
0.61,0.000304818181818,0.00232436363636,0.00172854545455
0.62,-0.000677,-0.006632,-0.001516
0.63,0.000367,0.005673,0.000809
0.64,0.000386090909091,0.00455027272727,-0.000288272727273
0.65,0.000432181818182,0.00142545454545,0.000630454545455
0.66,0.0004996,-0.0031784,-7.94e-05
0.67,0.00129872727273,0.00299436363636,-0.000381636363636
0.68,-0.0001059,0.0047932,-0.0029662
0.69,-0.00157727272727,0.00206327272727,-0.00326563636364
0.7,-0.0011404,-0.0081108,-0.0005246
0.71,0.00193545454545,-0.00258054545455,0.000894818181818
0.72,0.002231,0.0038425,0.000223
0.73,0.000393363636364,0.00410327272727,0.000159818181818
0.74,0.0004418,0.0007532,0.0003696
0.75,0.00055,-0.00673327272727,-0.000733545454545
0.76,0.000463909090909,-0.000816181818182,-0.00156772727273
0.77,0.0002076,1e-05,-0.0008442
0.78,-0.000840727272727,0.00487818181818,0.00159081818182
0.79,-0.0002255,-0.0038021,-0.0004423
0.8,0.003685,-0.000673545454545,-0.001449
0.81,-0.000725,-0.002949,-0.000329
0.82,-0.000796,0.001973,0.002065
0.83,-0.00179418181818,-0.00586972727273,-0.00230045454545
0.84,0.0035753,-0.0043824,-0.0005464
0.85,0.00213836363636,-0.00113709090909,-0.00133718181818
0.86,0.0025616,0.00642,-0.0006542
0.87,0.000244272727273,-0.000817,-0.000346727272727
0.88,5.98181818182e-05,-0.00338790909091,-0.000322727272727
0.89,0.000444,0.0007434,-0.0018266
0.9,-0.000954545454545,0.00520318181818,-0.000187
0.91,-0.0020095,0.001337,-0.0009845
0.92,-0.000842181818182,-0.00250781818182,-0.00177609090909
0.93,-0.0005088,-0.0009768,0.0008726
0.94,-0.000232272727273,0.00142036363636,0.00218118181818
0.95,0.0021199,0.0032325,0.0030363
0.96,-0.000452363636364,-0.00640518181818,0.00103627272727
0.97,-0.0026264,-0.0066408,0.0036064
0.98,-0.000815272727273,0.003416,-0.000168363636364
0.99,-0.000709090909091,0.00375418181818,0.000605
1.0,0.0005,-0.002944,-0.001545
1.01,-0.001927,-0.004196,-0.00154
1.02,0.00132572727273,0.00143581818182,0.00285272727273
1.03,-0.00275,0.0019486,0.0010825
1.04,-0.00625318181818,0.00291336363636,-0.00117818181818
1.05,-0.000899,-0.007619,0.0004484
1.06,0.00137936363636,-0.00225654545455,0.000891363636364
1.07,0.000801,0.0016076,-0.0008569
1.08,-0.00112690909091,0.00196045454545,-4.50909090909e-05
1.09,-0.0004746,-0.003193,0.000162
1.1,0.003799,-0.000562272727273,-0.000339090909091
1.11,0.0016325,0.0032145,-0.000382
1.12,-0.00212763636364,0.00195490909091,0.00128327272727
1.13,-0.000768181818182,0.000183090909091,0.00196981818182
1.14,-2.1e-05,-0.0007304,0.0003831
1.15,0.00127390909091,0.00511454545455,0.00104090909091
1.16,-0.0003636,0.0061412,-0.0011486
1.17,-0.00300254545455,0.001162,0.000845181818182
1.18,-0.0015168,-0.0070101,0.0010507
1.19,0.00167090909091,0.000765,0.002083
1.2,0.00167,0.000765,0.002083
1.21,-0.001979,-0.000499,0.002085
1.22,0.000373727272727,-0.00941990909091,-4.13636363636e-05
1.23,-0.0006519,0.0007346,-0.0003647
1.24,-0.00173372727273,-0.00206836363636,-0.000341
1.25,0.000659181818182,0.00153709090909,0.00229390909091
1.26,4.88e-05,-0.0053934,0.0025034
1.27,-0.000711181818182,-0.00361681818182,0.00134118181818
1.28,-0.002245,0.0009694,0.0008484
1.29,9.68181818182e-05,0.00197463636364,0.000845272727273
1.3,0.000457,0.0001325,0.000254
1.31,-0.000865090909091,-0.000612818181818,-0.00146227272727
1.32,-5.32e-05,0.001713,-0.0028142
1.33,8.10909090909e-05,0.00319854545455,0.000278454545455
1.34,0.0016796,0.000273,0.0028193
1.35,0.00174981818182,-0.00461845454545,-0.00396863636364
1.36,0.00144963636364,0.000743,-0.00335590909091
1.37,0.0004419,0.001234,-0.0004898
1.38,6.57272727273e-05,0.00419890909091,-0.00128490909091
1.39,-0.003057,-0.010342,0.002176
1.4,0.000486,-0.001698,0.004543
1.41,0.000453272727273,0.000517454545455,-0.00102609090909
1.42,-0.0007623,0.0084709,-0.0005633
1.43,-0.00170781818182,-0.00374618181818,-0.000325636363636
1.44,0.0010456,-0.0066144,0.0026396
1.45,-0.00184209090909,-0.00218318181818,-0.000230363636364
1.46,-0.0006954,0.0038073,0.0009464
1.47,0.000400909090909,0.00410045454545,0.00204527272727
1.48,0.0005214,-0.0041706,0.0006608
1.49,-0.000847545454545,-0.00173081818182,-0.000343272727273
1.5,-0.00206390909091,0.00551418181818,-0.00152645454545
1.51,-0.001537,0.002928,-0.0013666
1.52,-0.000731090909091,-0.00206409090909,-6.72727272727e-06
1.53,-2.59e-05,-0.0001258,-0.0004789
1.54,0.00101109090909,0.000418636363636,0.00241509090909
1.55,-0.001002,-0.0002514,0.0015942
1.56,-0.00174254545455,-0.00130627272727,-0.00434518181818
1.57,-0.0002639,-0.0089742,-2.8e-05
1.58,0.00263772727273,0.00322509090909,0.00183745454545
1.59,0.000415,0.003196,-0.000388
1.6,-0.00327,0.004389,-0.00041
1.61,-0.000885454545455,-0.00675827272727,-0.000295454545455
1.62,0.00122172727273,0.00120309090909,0.00262954545455
1.63,-0.0002902,0.0012096,-0.0045214
1.64,-0.000823636363636,0.00429172727273,-0.00295463636364
1.65,-0.0007177,-0.0029537,0.0018647
1.66,0.00166954545455,-0.00661781818182,0.00181863636364
1.67,0.0022374,-0.0043988,0.0023756
1.68,-0.00100790909091,0.00174090909091,0.00394854545455
1.69,-0.0025865,-0.0005125,0.00269
1.7,0.000279454545455,-0.00272454545455,0.000888727272727
1.71,0.0023676,0.0034616,0.0008344
1.72,-0.000182363636364,0.00609109090909,-0.000530090909091
1.73,-0.00225145454545,0.00316218181818,-0.00183954545455
1.74,0.0010222,-0.0049056,0.0013998
1.75,0.00264681818182,0.00266509090909,0.00239609090909
1.76,0.0015967,0.0060269,-0.0015125
1.77,0.00134463636364,0.008116,-0.000545636363636
1.78,-0.000699,-0.004194,-0.001542
1.79,0.001763,-0.005387,0.002139
1.8,0.000505727272727,0.00465390909091,0.00203718181818
1.81,0.0026291,0.0023577,0.0009668
1.82,0.000849909090909,0.00398490909091,0.00182181818182
1.83,-0.0014426,-0.0034568,0.0011332
1.84,0.000698454545455,-0.000937090909091,-1.73636363636e-05
1.85,0.000118727272727,0.000726636363636,-0.00192181818182
1.86,-0.002237,0.0007006,-0.0028162
1.87,-0.00114663636364,-0.00397209090909,-0.000104272727273
1.88,0.0011255,-0.003554,0.0015075
1.89,0.00168172727273,0.000193181818182,0.001417
1.9,0.0006918,0.0009898,0.0020718
1.91,-0.000741909090909,-0.00128172727273,0.00164563636364
1.92,-0.000304,-0.0061536,-0.0001812
1.93,-0.000224636363636,0.00139418181818,-0.001486
1.94,-0.0020362,0.0036666,0.0017932
1.95,-0.00159118181818,0.00362445454545,0.00126254545455
1.96,0.000647181818182,-0.00506172727273,0.00279527272727
1.97,0.001709,-0.001719,-0.002782
1.98,-0.000736,-0.001727,0.002093
1.99,-0.00194327272727,0.00495572727273,-0.000196090909091
2.0,0.0024009,0.0012401,-0.0014681
2.01,-0.000118,0.00172990909091,-0.001602
2.02,0.0011816,0.0009798,-0.0025676
2.03,-0.000182,0.00608418181818,-0.00197745454545
2.04,-0.0024019,-0.0048267,-0.0015456
2.05,-0.00154427272727,-0.007212,0.000810272727273
2.06,0.0014652,-0.0017124,-9.96e-05
2.07,0.000866909090909,0.00274709090909,-0.000943636363636
2.08,-0.000159,0.000724,-0.001593
2.09,0.000546454545455,-0.00575,-0.00219418181818
2.1,0.000961545454545,-0.00373436363636,-0.00199090909091
2.11,0.0019858,0.0045534,-0.0017467
2.12,0.00120227272727,0.00264290909091,0.000500090909091
2.13,-0.0032226,0.0011908,-0.0001418
2.14,-0.00152009090909,-0.00888818181818,0.000493363636364
2.15,0.0046984,0.002982,-0.0017236
2.16,-0.000879454545455,0.000602363636364,-0.00248436363636
2.17,-0.001974,-0.000514,0.000852
2.18,-0.000663,-0.006645,0.000915
2.19,-0.00192027272727,0.00338227272727,-0.003625
2.2,0.0034386,0.0055496,-0.0018767
2.21,0.001033,0.00665836363636,-0.000651818181818
2.22,0.00227136363636,-0.00204109090909,-0.000342363636364
2.23,0.0029366,-0.0019508,-0.0020503
2.24,0.00211445454545,0.001082,-0.00126081818182
2.25,0.0001258,0.0063804,-0.0011624
2.26,-8.17272727273e-05,-0.000731454545455,-0.00291363636364
2.27,0.0011265,-0.0035735,-0.004603
2.28,0.001657,0.00196763636364,-0.00249190909091
2.29,0.0006438,0.0044288,0.0017866
2.3,-0.000353818181818,0.00274390909091,0.00193318181818
2.31,0.0005492,-0.0058973,0.0007881
2.32,0.000524272727273,-0.00417990909091,4.81818181818e-06
2.33,-0.000393181818182,-0.00220427272727,-0.00800754545455
2.34,-0.0042662,0.0058373,-0.0038586
2.35,-0.00181945454545,-0.00342454545455,-0.00123145454545
2.36,-0.000644,-0.00787,0.002144
2.37,0.002934,-0.001689,0.003315
2.38,-0.000448727272727,0.00163372727273,0.00438227272727
2.39,-0.0028912,-0.0046931,0.0034486
2.4,0.00189045454545,-0.00641645454545,-0.004632
2.41,0.0019266,0.0002514,-0.00159
2.42,0.001657,0.00197590909091,0.000501
2.43,0.0008891,-0.0040514,0.00089
2.44,-0.000206181818182,-0.00742090909091,0.00169609090909
2.45,0.0007048,0.000245,-0.0001292
2.46,-0.000337818181818,0.00161754545455,-0.000944727272727
2.47,-0.002567,-0.0017535,-0.0003635
2.48,-0.000914818181818,-0.00452863636364,0.000223181818182
2.49,0.00173590909091,-0.00338663636364,-2.27272727273e-06
2.5,0.0016328,0.0036925,-0.0005262
2.51,0.000977,0.00297972727273,0.00204145454545
2.52,-0.0012852,0.0026884,0.0015472
2.53,-0.00242254545455,-0.00778254545455,-8.54545454545e-05
2.54,0.0003687,-0.0017206,0.0007396
2.55,-0.000962363636364,-0.00117909090909,-0.000479
2.56,-0.003266,0.00438,-0.001649
2.57,0.00058,-0.00787,-0.001519
2.58,0.00045,0.00106818181818,-0.000496272727273
2.59,0.0005171,-0.0035703,-0.0014389
2.6,-0.00253236363636,-0.000183272727273,0.00139290909091
2.61,-0.00220618181818,-0.00732963636364,0.00124145454545
2.62,0.0006133,-0.0017295,-0.0025554
2.63,0.00163709090909,0.00353763636364,-0.000184545454545
2.64,0.0008584,0.00664,0.00127
2.65,0.000494181818182,-0.00194145454545,0.00152963636364
2.66,-5.7e-05,-0.0060355,-0.0021505
2.67,-0.00187363636364,0.000480909090909,-0.00260836363636
2.68,-0.001772,0.0026832,0.0010544
2.69,3.31818181818e-05,-0.000719818181818,0.000515727272727
2.7,-0.0003047,-0.005779,0.0017512
2.71,0.000892363636364,-0.00629481818182,0.000904818181818
2.72,0.00106890909091,-0.00316645454545,0.000653363636364
2.73,-0.0024312,0.0059911,4.35e-05
2.74,-0.00506181818182,-0.00187490909091,0.003729
2.75,0.00051,-0.002964,-0.004011
2.76,0.001661,0.001974,-0.000394
2.77,0.000566454545455,0.000854,0.00183236363636
2.78,0.0004732,-0.0003605,0.0031647
2.79,-0.00139454545455,-0.00955418181818,0.00137345454545
2.8,-1.08e-05,-0.0007404,0.0008472
2.81,0.00221718181818,0.00198663636364,0.00171509090909
2.82,0.0002919,0.0036943,0.0037349
2.83,-0.003038,-0.003424,0.00219536363636
2.84,-0.000442,0.00151854545455,0.00281972727273
2.85,0.001618,0.0050465,-0.0004265
2.86,-0.000685636363636,0.002949,-0.00307590909091
2.87,-0.0024612,-0.000281,-0.0018514
2.88,-0.00135290909091,-0.00465272727273,-0.00311527272727
2.89,0.0005662,0.001715,-0.0016186
2.9,-0.000980090909091,0.000272,-0.000942909090909
2.91,0.0006704,0.0029536,0.0012996
2.92,-0.00244,-0.00631872727273,0.00311072727273
2.93,0.0003304,0.0011096,0.001804
2.94,-0.00104181818182,0.00451881818182,-0.000318818181818
2.95,-0.00328,0.005617,0.000773
2.96,-0.00199,-0.00666390909091,-0.00132336363636
2.97,0.0034949,0.0021232,0.0016809
2.98,0.00216236363636,-0.001813,0.00108318181818
2.99,-0.0022916,0.0048834,-0.0011698
3.0,-0.000499454545455,-0.00206527272727,0.000189090909091
3.01,-0.0003929,0.0006083,0.0008284
3.02,-0.000751818181818,6.3e-05,0.00238590909091
3.03,-0.0007902,0.0026914,0.0003186
3.04,-0.000764818181818,0.000942636363636,-0.00161718181818
3.05,-0.000106,-0.002346,-0.0015835
3.06,-0.000655818181818,0.00106081818182,4.60909090909e-05
3.07,-0.0020308,0.0039102,0.0010354
3.08,-0.00152363636364,-0.000397090909091,0.000945636363636
3.09,-0.000336181818182,-0.00562854545455,0.002997
3.1,0.0002516,-0.0017192,0.001096
3.11,-0.000798,0.003172,-0.00286
3.12,-0.000789,0.0025597,-0.0022438
3.13,-0.000699909090909,-0.00350972727273,0.00319654545455
3.14,-0.000619,-0.009097,0.002142
3.15,-0.000798,0.003177,-0.00164
3.16,-0.000846181818182,0.00654881818182,0.00498454545455
3.17,-0.0007529,0.0002305,-0.0008798
3.18,0.00133209090909,-0.00551218181818,-0.000552
3.19,0.0007146,0.000244,-0.0013644
3.2,-0.002235,0.00283445454545,0.000133272727273
3.21,-0.000917272727273,0.00395809090909,-0.001538
3.22,-0.000982,-0.0007536,-0.0006272
3.23,-0.00127236363636,-0.00218527272727,-0.000481454545455
3.24,-0.0007235,-0.0017385,-0.002204
3.25,-0.00184145454545,-0.00130672727273,-0.00337654545455
3.26,-0.0012336,-0.000274,-0.0035628
3.27,0.00212090909091,0.00141863636364,-0.00150581818182
3.28,0.0017561,0.0043167,0.0011612
3.29,-0.000738454545455,-0.000718636363636,0.00239018181818
3.3,-0.000975,-0.0012348,0.002306
3.31,-0.00135827272727,-0.0115710909091,-0.00105690909091
3.32,0.000479363636364,-0.000377090909091,0.000615
3.33,0.000463,0.000732,-0.001615
3.34,-0.00083,0.005634,-0.001667
3.35,-0.000649090909091,-0.00664509090909,-0.000437909090909
3.36,-0.0007111,-0.0023479,-0.0014679
3.37,0.00120681818182,0.00332072727273,0.00135681818182
3.38,-0.0003778,0.0083528,0.0009922
3.39,-0.00430718181818,0.000366363636364,0.00258936363636
3.4,0.0003853,-0.0020857,0.0007297
3.41,0.000556181818182,0.00219345454545,0.000366818181818
3.42,-5.52e-05,0.0029412,-0.0013954
3.43,-0.00149381818182,-0.00208163636364,-0.00281572727273
3.44,-0.000929727272727,-0.00263254545455,-0.00225390909091
3.45,0.0007182,0.0002484,-0.0006346
3.46,-0.000326,0.001738,0.000368636363636
3.47,7.64e-05,0.002333,0.0003195
3.48,-0.000676818181818,-0.00474409090909,0.00043
3.49,-0.0007208,-0.0017418,-0.0037938
3.5,-0.000569272727273,0.00318027272727,-0.00197681818182
3.51,-4.17e-05,0.0022153,0.001662
3.52,-0.00386781818182,-0.006789,-0.00111381818182
3.53,0.000594,-0.007849,0.003348
3.54,0.000469,0.000747,0.002043
3.55,0.00267536363636,0.00187427272727,-0.00128972727273
3.56,-0.0014726,-0.0002486,0.0038778
3.57,-0.000914,-0.00351281818182,0.00152554545455
3.58,0.00103145454545,0.000295545454545,-0.000946818181818
3.59,0.000806,0.0028269,-0.0016382
3.6,-0.00108754545455,0.000829181818182,-0.00240090909091
3.61,0.0010298,-0.0041756,-0.0020576
3.62,0.00293318181818,-0.000581454545455,-0.00159890909091
3.63,0.002258,0.003828,-0.000423
3.64,0.00220372727273,0.003772,-0.000311636363636
3.65,0.0004946,-0.0009816,-0.000626
3.66,-0.000891,-0.00507963636364,0.000430272727273
3.67,0.0017806,0.003083,-0.0015164
3.68,-0.000493363636364,0.00597218181818,-0.00311572727273
3.69,0.000425181818182,0.00397981818182,1.3e-05
3.7,0.0004856,-0.0085905,0.0018878
3.71,-0.000796636363636,-0.00373936363636,-0.000359727272727
3.72,-0.001973,0.000717,-0.000407
3.73,-0.002062,0.006863,0.000754
3.74,-0.00190018181818,-0.00429427272727,0.00419127272727
3.75,0.0013038,0.0023543,0.0022724
3.76,0.000701545454545,0.000181545454545,-0.000949
3.77,0.0013962,0.0044302,-0.0016538
3.78,-6.42727272727e-05,-0.000607363636364,-0.000721727272727
3.79,0.0009648,0.0005042,0.001312
3.8,0.000121090909091,0.00196254545455,-0.00107918181818
3.81,0.000516545454545,0.00531781818182,-0.000888454545455
3.82,0.00049,-0.0004855,0.000832
3.83,0.000487545454545,-0.00797472727273,-0.000759818181818
3.84,0.000767,-0.0027008,-0.0013428
3.85,-0.000358909090909,0.00453581818182,0.001224
3.86,8.26e-05,0.0024645,0.002022
3.87,-0.000623,-0.007867,0.00112127272727
3.88,-0.0001626,-0.0059046,-0.0015598
3.89,0.00122790909091,0.00242009090909,-0.00141463636364
3.9,-0.0006726,0.0039225,-0.000802
3.91,0.000492,-0.000499181818182,-0.00349627272727
3.92,0.000492,-0.000481,0.002051
3.93,0.000475636363636,0.000643545454545,0.00425918181818
3.94,-0.0006258,0.0007317,8.26e-05
3.95,-0.000733272727273,-0.000273272727273,0.000602818181818
3.96,0.0013396,-0.0083432,-6.74e-05
3.97,0.000851181818182,-0.00228390909091,-0.00392227272727
3.98,-0.0003814,0.0007184,-0.0044321
3.99,-0.000759454545455,0.00150763636364,-0.000967909090909
4.0,-0.0007018,-0.002465,0.0001136
4.01,-5.95454545455e-05,-0.000718636363636,-0.00105618181818
4.02,-0.0001535,0.001962,-0.0010275
4.03,-0.000754727272727,0.00129490909091,0.00180663636364
4.04,-0.0017064,-0.0004988,0.0025314
4.05,-0.000910545454545,-0.00329454545455,-0.000812181818182
4.06,0.00194609090909,-0.00103,6.19090909091e-05
4.07,-0.0002686,0.0014852,0.0037368
4.08,0.00145518181818,0.00220690909091,0.00102709090909
4.09,0.0005867,-0.0068689,0.0018673
4.1,0.000346818181818,0.00197036363636,2.75454545455e-05
4.11,-0.000765,0.001974,0.004463
4.12,0.000368,0.008124,0.003186
4.13,-0.00165927272727,-0.00530327272727,0.00220054545455
4.14,0.003574,-0.0021739,0.0009761
4.15,0.00211945454545,0.00231818181818,-0.00119118181818
4.16,-0.0013148,0.0061356,0.001247
4.17,-0.001027,-0.00295454545455,0.00118090909091
4.18,0.00166109090909,-0.00428218181818,-0.00301527272727
4.19,0.0022098,-0.0007148,-0.0001416
4.2,-0.000349727272727,0.00409490909091,0.00255636363636
4.21,-0.0013565,0.0007285,0.000811
4.22,0.000447181818182,-0.00484836363636,-0.00201481818182
4.23,0.0012462,-0.0017116,-0.0015994
4.24,0.000871363636364,0.00420954545455,-0.000215636363636
4.25,0.0009183,0.0040543,-0.0033652
4.26,-0.000984636363636,-0.00575336363636,-0.00123381818182
4.27,-0.000908,-0.0049236,-0.000354
4.28,0.00223709090909,0.00198909090909,3.18181818182e-05
4.29,-0.000866909090909,0.00140672727273,0.00180327272727
4.3,-0.001896,-0.004196,-0.000364
4.31,-0.000709,-0.001727,-0.000385
4.32,0.00149736363636,-0.000570636363636,0.00515772727273
4.33,0.0005696,0.00283,-0.0009138
4.34,-0.00448590909091,-0.00186872727273,0.00138054545455
4.35,-0.0015674,-0.009846,-0.0007964
4.36,0.00280981818182,0.000992272727273,0.00104154545455
4.37,0.0023887,0.0039595,0.0011559
4.38,0.000876909090909,0.00399354545455,0.00233881818182
4.39,0.000576,-0.0058828,0.0025892
4.4,0.00124545454545,-0.00605163636364,0.00343563636364
4.41,0.00117227272727,-0.00102754545455,0.00283154545455
4.42,-0.0014762,0.0007222,-0.000655
4.43,-0.00218227272727,0.000377090909091,-0.00151927272727
4.44,0.0014154,-0.0047735,0.0012371
4.45,0.000854818181818,-0.00215409090909,0.00106572727273
4.46,0.0005508,-0.004175,-0.0013344
4.47,-0.00356363636364,0.003605,-0.00111163636364
4.48,0.0008045,-0.0047948,-0.0035251
4.49,0.002589,0.000876727272727,0.000597090909091
4.5,-0.000761,0.001954,-0.001642
4.51,-0.003259,0.005628,0.001976
4.52,-0.000874454545455,-0.00554018181818,-0.00456581818182
4.53,0.0015501,-0.0055194,-0.0019278
4.54,0.000704818181818,0.000621454545455,-0.00362136363636
4.55,-0.000438818181818,0.00285690909091,0.000348636363636
4.56,0.000154,-0.0019573,0.0020615
4.57,0.000530090909091,-0.00260590909091,0.000515363636364
4.58,0.001186,0.0027124,-0.0011544
4.59,0.000289090909091,0.00631636363636,-0.00301181818182
4.6,0.000428,0.0044245,-0.0010515
4.61,0.000623727272727,-0.00137554545455,0.000947
4.62,-0.0001978,-0.0029526,-0.0008598
4.63,-0.000426727272727,0.00206672727273,-0.00252927272727
4.64,-0.0009115,0.0040398,-0.0022725
4.65,0.00138818181818,-0.000470636363636,0.00204990909091
4.66,0.00148890909091,-0.00739536363636,0.00189518181818
4.67,0.0049511,0.0044745,0.0006689
4.68,0.001463,-0.00561463636364,0.000102090909091
4.69,-0.002017,0.004419,0.004433
4.7,0.000609,-0.007873,-0.005202
4.71,0.00377990909091,0.00335245454545,0.00246527272727
4.72,0.0019766,-0.001078,0.0021808
4.73,-0.00137545454545,0.00632645454545,0.00497345454545
4.74,-0.0018824,-0.004683,0.0008624
4.75,-0.000135636363636,-0.00250863636364,-0.00215027272727
4.76,0.0004894,0.0003831,0.0022837
4.77,-0.00190618181818,0.00463509090909,0.00132572727273
4.78,-0.000507636363636,0.000172,-0.00106790909091
4.79,0.002389,-0.0041505,0.0008685
4.8,0.000751090909091,-0.00237436363636,0.00217763636364
4.81,-0.0014656,0.0002364,0.0008144
4.82,-0.000716454545455,-0.000830181818182,0.000383272727273
4.83,-0.0006353,-0.0063972,-0.0010717
4.84,-0.000724,-0.000278,-0.00150872727273
4.85,-0.0008204,0.0063892,0.001489
4.86,-0.000999090909091,0.00352527272727,0.000452818181818
4.87,-0.0016884,-0.0009818,0.0042453
4.88,0.000672454545455,-0.00438309090909,0.00230945454545
4.89,0.001637,0.005686,0.004434
4.9,0.001637,0.00567418181818,0.00110490909091
4.91,0.0006173,0.0001344,0.0008233
4.92,0.00253309090909,-0.00246836363636,0.00185254545455
4.93,5.04e-05,-0.0029412,0.0010952
4.94,-0.000683,-0.00295481818182,-0.000926272727273
4.95,-0.0024561,0.0013256,-0.0016389
4.96,-0.00156972727273,-0.003076,-0.000817090909091
4.97,0.0014854,-0.0007216,-0.000387
4.98,0.000943363636364,-0.000145818181818,-0.000394272727273
4.99,-0.0007005,-0.0017275,-0.000994
5.0,-0.00121709090909,-0.00440963636364,8.49090909091e-05
5.01,0.0005288,-0.0021952,0.0025536
5.02,0.002746,0.00591,0.001439
5.03,-0.000195818181818,0.00196354545455,-0.00130318181818
5.04,-0.0019274,-0.0012442,-0.0001458
5.05,-0.000887727272727,-0.0115528181818,0.000489727272727
5.06,0.0024594,-0.0002223,-0.0013637
5.07,-0.00175663636364,0.00229018181818,0.000796363636364
5.08,0.000417,0.005662,0.00077
5.09,-0.000626,-0.006635,0.000887
5.1,0.00158036363636,-0.00549954545455,-0.000227545454545
5.11,-0.0015155,-0.0043015,0.0029361
5.12,-0.00300081818182,0.00384045454545,0.000222818181818
5.13,-0.0022282,0.0026934,0.0024998
5.14,-0.000130090909091,-0.002495,0.00151345454545
5.15,-0.00102927272727,-0.001835,0.000838636363636
5.16,-0.0005034,0.0017218,0.0008056
5.17,0.001149,0.00120318181818,0.00148127272727
5.18,0.0011535,-0.0029335,0.000245
5.19,0.00110254545455,-0.00315518181818,0.000636454545455
5.2,0.0012,0.0024798,0.0017822
5.21,-0.000415454545455,0.00196363636364,-0.000858545454545
5.22,-0.0007564,-0.0059025,-0.0004616
5.23,0.00208027272727,-0.00146863636364,0.00106818181818
5.24,0.0026276,0.0051868,-0.0011698
5.25,0.00212254545455,0.00322072727273,0.000356454545455
5.26,0.00380745454545,0.00200245454545,-0.00129109090909
5.27,0.000652,-0.010303,0.002148
5.28,0.000438,0.004419,-0.004099
5.29,-0.000641090909091,0.00218536363636,-0.000751727272727
5.3,-0.001865,0.0030537,-0.0015294
5.31,-0.00288654545455,-0.00386790909091,-0.000588545454545
5.32,0.000726,0.0014846,-0.000408
5.33,0.00349572727273,0.000547818181818,-0.00127872727273
5.34,-0.001045,0.0055239,3.59e-05
5.35,-0.000847,0.00106845454545,3.50909090909e-05
5.36,0.0004808,0.0014774,-0.0018738
5.37,-0.000217090909091,0.00375645454545,-0.000209545454545
5.38,-0.000207545454545,0.003206,0.00201681818182
5.39,0.0010338,-0.002682,0.0015898
5.4,0.00315127272727,-0.00614918181818,0.000897272727273
5.41,0.0046253,0.0025086,8.48e-05
5.42,0.00158109090909,0.00243036363636,-0.00129918181818
5.43,-0.0010262,0.0044192,-0.0001942
5.44,0.00192409090909,-0.00582454545455,0.00111209090909
5.45,-0.0029418,-0.006773,0.0018614
5.46,-0.00177190909091,0.00374218181818,-0.000212909090909
5.47,0.000369,0.009354,0.001958
5.48,-0.003173,0.000724,0.003252
5.49,0.00241609090909,-0.00146054545455,0.00218018181818
5.5,0.00195963636364,-0.000686545454545,0.00106172727273
5.51,0.0006988,0.0034556,0.0007954
5.52,-0.00309018181818,0.00260909090909,-0.000983
5.53,-0.0001461,0.0028291,-0.0007857
5.54,0.00169381818182,0.002433,-0.00118636363636
5.55,0.000233,0.0019802,0.001299
5.56,-0.00204918181818,-4.82727272727e-05,0.00259936363636
5.57,-0.0012485,-0.0054095,0.000268
5.58,0.00107263636364,-0.000698,-0.000492454545455
5.59,0.0006722,0.0054232,0.0007786
5.6,-0.00113409090909,-0.00183527272727,-4.4e-05
5.61,-0.0007563,-0.0056555,-0.0011933
5.62,0.000469,-0.00505672727273,0.000657636363636
5.63,-0.00278554545455,0.00474563636364,0.00166254545455
5.64,-0.0007377,0.0014609,-0.0044358
5.65,-0.000598727272727,0.00722790909091,0.00297636363636
5.66,0.001754,-0.001693,0.00085
5.67,0.002922,0.002013,0.003259
5.68,0.00184381818182,-0.000242454545455,-5.1e-05
5.69,-0.0004969,0.0017145,-0.0026068
5.7,-0.000670545454545,-0.00306090909091,-0.000806090909091
5.71,0.0032292,-0.0021696,0.000617
5.72,-0.00113454545455,-0.00171309090909,0.00261972727273
5.73,-0.00058,-0.0008543,0.0007159
5.74,0.00134990909091,-0.004378,0.000433454545455
5.75,0.00110209090909,-0.00259145454545,0.000859090909091
5.76,0.0005065,0.0001335,-0.001
5.77,-0.000628636363636,0.00173754545455,-0.002295
5.78,-0.0004558,-0.0009842,-0.0016022
5.79,0.00182309090909,-0.00639209090909,-0.00198718181818
5.8,0.0010053,-0.0006042,-0.0024566
5.81,-0.000772909090909,0.00397445454545,-0.000985909090909
5.82,-0.0010588,0.0068808,0.0005162
5.83,-0.00123054545455,-0.00272872727273,7.64545454545e-05
5.84,0.0017514,-0.0014431,0.0018255
5.85,0.00126963636364,0.00109172727273,-0.000397545454545
5.86,-0.003224,0.004399,-0.000443
5.87,-0.00320672727273,0.00328718181818,0.000679727272727
5.88,8e-05,0.0043208,0.0029871
5.89,-0.000540909090909,0.00342363636364,0.000242181818182
5.9,0.0001752,0.0061504,-0.0014244
5.91,-0.000376454545455,-0.000258636363636,0.00105518181818
5.92,-0.0015012,-0.0046638,0.0029477
5.93,-0.000426454545455,0.00319872727273,-0.000643272727273
5.94,0.000391,0.0081212,-0.0007108
5.95,-0.000198090909091,0.00275381818182,-0.000527272727273
5.96,-0.0006445,-0.0047915,-0.000955
5.97,-0.000648636363636,-0.00450772727273,0.000207272727273
5.98,-0.0017206,0.0019638,0.0012952
5.99,-0.00321481818182,0.00384718181818,0.00111681818182
6.0,-0.00246345454545,-0.00195663636364,0.000287818181818
6.01,-0.0003624,-0.0073588,0.0021218
6.02,0.000287090909091,-2.83636363636e-05,0.00116445454545
6.03,-0.0006207,0.0019615,-0.0024853
6.04,0.000491454545455,0.00120190909091,0.000711636363636
6.05,0.000606,-0.006619,-0.000322
6.06,0.002925,0.002008,0.000821
6.07,0.00300590909091,-0.00357927272727,-0.000233545454545
6.08,-0.0003979,0.0035804,0.0028713
6.09,0.00236890909091,-0.00559127272727,0.00133718181818
6.1,0.0020192,-0.0029312,-0.0040158
6.11,0.000867545454545,-0.00170318181818,-0.000813363636364
6.12,-0.00111290909091,0.00453536363636,8.09090909091e-06
6.13,-0.000437,-0.0022114,-0.0018332
6.14,0.00126881818182,-0.00639154545455,-0.000767090909091
6.15,0.001783,-0.0035405,-0.00157
6.16,0.000605818181818,0.000974636363636,-0.000729727272727
6.17,-0.0012348,0.0022158,0.0017826
6.18,-0.000572272727273,-0.00204854545455,0.000516545454545
6.19,0.0013721,-0.000463,0.0013278
6.2,0.000143727272727,0.00220145454545,-7.67272727273e-05
6.21,-0.0013058,0.007128,0.00076
6.22,-0.00158063636364,-0.00149763636364,0.000842363636364
6.23,0.00495563636364,-9.5e-05,0.000626545454545
6.24,0.000462,0.003205,-0.001638
6.25,0.000391,0.008115,-0.002907
6.26,-0.00168536363636,-0.00195772727273,-0.00281518181818
6.27,0.0047238,-0.0039928,0.0016175
6.28,0.00134190909091,0.00389318181818,0.00102
6.29,0.0003838,0.0086222,0.001726
6.3,0.00137881818182,0.00132654545455,0.00204372727273
6.31,0.0009874,-0.0077158,0.001276
6.32,0.00207772727273,-0.000908545454545,-0.000706545454545
6.33,0.0007314,0.001488,-0.0016218
6.34,-0.000765363636364,0.00353727272727,0.00101663636364
6.35,0.000942363636364,0.000763181818182,0.00160345454545
6.36,0.0025252,-0.0041394,0.0006348
6.37,0.00127363636364,0.000878545454545,0.00160318181818
6.38,-0.0002887,0.0043114,0.0004231
6.39,-0.00132236363636,0.00352781818182,-0.000426636363636
6.4,0.0010464,-0.0034204,-0.000597
6.41,0.00225036363636,0.00244054545455,-0.00184918181818
6.42,-0.0005074,-0.0058993,-0.0026528
6.43,0.000294181818182,-0.000592181818182,-0.00127063636364
6.44,-0.001734,-0.014004,0.002183
6.45,0.000515,-0.000471,0.000837
6.46,-0.00175590909091,0.00285809090909,0.000797909090909
6.47,1.90909090909e-06,0.00421127272727,-0.000208272727273
6.48,0.0007142,-0.0142292,0.0017034
6.49,-0.00396127272727,0.00161018181818,0.00202463636364
6.5,-0.0021924,0.0007264,0.0003301
6.51,-0.000887727272727,0.0119123636364,0.00182327272727
6.52,-0.0015726,0.0085984,0.0017202
6.53,-0.00197645454545,0.00273854545455,0.000799363636364
6.54,-0.002002,0.0044115,0.000173
6.55,-0.000336181818182,0.00442854545455,0.000677545454545
6.56,0.0006576,0.006408,0.001993
6.57,-0.00165018181818,0.003074,0.000242909090909
6.58,-0.0024101,-0.0012506,-0.0017261
6.59,-0.00151772727273,0.009222,0.00107090909091
6.6,-0.00225409090909,-0.00128309090909,0.00161436363636
6.61,0.0010966,0.0098458,-0.0004812
6.62,-0.00228045454545,-0.00709854545455,-0.000881272727273
6.63,0.005385,0.000776,-0.006484
6.64,-0.003119,-0.002987,-0.005252
6.65,-0.002219,0.0115639090909,0.00126709090909
6.66,-0.0017114,-0.0157423,-0.0021949
6.67,-0.00100063636364,0.00419445454545,-0.00187636363636
6.68,0.0023806,-0.011273,-0.0005184
6.69,-0.00417027272727,0.000479727272727,-0.00129545454545
6.7,-0.0007644,-0.0051601,-0.0007089
6.71,-0.000571363636364,-0.00249854545455,-0.000367727272727
6.72,-0.000608454545455,-4.2e-05,-0.000391545454545
6.73,-0.0013065,-0.0017245,-0.000377
6.74,-0.00196363636364,-0.00619881818182,-0.000335181818182
6.75,0.0008932,-0.010057,0.0001986
6.76,0.00298318181818,-0.002454,0.00308190909091
6.77,0.0024804,0.0069277,0.0043099
6.78,0.000639636363636,0.00588636363636,-0.00100018181818
6.79,-0.0009958,0.002215,0.0015386
6.8,0.00207409090909,-0.00101172727273,0.00317645454545
6.81,-0.0016096,0.0023196,-0.0023703
6.82,0.00120663636364,0.00511963636364,0.00211609090909
6.83,-0.003157,-0.000504,0.003267
6.84,0.000128454545455,0.00286781818182,-8.48181818182e-05
6.85,-0.0016634,-0.0023408,0.0007257
6.86,-8.18181818182e-07,0.00409572727273,-0.000208181818182
6.87,0.000593,-0.006121,0.0026
6.88,0.000582181818182,-0.00549609090909,0.00243881818182
6.89,0.0031037,-0.002421,-0.0004795
6.9,0.00179136363636,0.00298881818182,-0.00241118181818
6.91,-0.00025,0.0012252,-0.0028442
6.92,-0.00133363636364,-0.003738,-0.000802090909091
6.93,0.001164,-0.0035465,-0.000963
6.94,0.00311436363636,-0.00392454545455,-0.00278436363636
6.95,0.002316,-0.0070984,-0.0008032
6.96,0.000812,-0.006059,0.000336090909091
6.97,-0.00144554545455,-0.00363436363636,-0.00313381818182
6.98,0.0025112,-0.003666,-0.003766
6.99,-0.000197818181818,0.00230090909091,-0.00196745454545
7.0,-0.0024101,-0.0014845,0.0016915
7.01,0.00405109090909,0.000555636363636,-0.00127227272727
7.02,0.002972,-0.001678,0.002075
7.03,0.000384,0.008127,0.001972
7.04,0.00160854545455,0.000315181818182,0.000942
7.05,-0.000519,0.0028352,0.002999
7.06,0.00023,0.00319872727273,-0.000752909090909
7.07,0.0005376,-0.0026892,0.0013464
7.08,-0.00132245454545,0.00296409090909,0.000242818181818
7.09,-0.00110272727273,-0.00452227272727,-0.00112618181818
7.1,-1e-06,0.0007436,0.000579
7.11,-0.000894272727273,0.00408654545455,0.000677
7.12,-0.000788,0.004427,0.0020055
7.13,-0.000600363636364,-0.000822090909091,0.001724
7.14,0.0006452,-0.0100626,0.0004412
7.15,0.00156763636364,-0.00471581818182,-0.000229727272727
7.16,-0.0024725,0.0025475,-0.004695
7.17,-0.001133,0.00519727272727,-0.000777454545455
7.18,-0.0011878,-0.001732,-0.001598
7.19,0.00207863636364,-0.00929381818182,-0.000849454545455
7.2,0.00259218181818,0.00122081818182,0.00182372727273
7.21,-0.000806,0.005649,-0.000449
7.22,-0.001993,0.003175,-0.001649
7.23,0.00132427272727,0.00432045454545,-0.00275990909091
7.24,0.0050202,4.75e-05,-0.0017199
7.25,0.000349909090909,0.00254309090909,0.00335718181818
7.26,0.002277,-0.0046316,0.0035658
7.27,0.00289645454545,0.00323445454545,0.002359
7.28,0.0028675,0.0051998,0.0020068
7.29,0.000510727272727,0.00677809090909,-0.000345636363636
7.3,0.0008068,-0.004406,0.0013618
7.31,0.00117127272727,-0.00806563636364,0.00135354545455
7.32,0.00167854545455,-0.00471290909091,0.000212636363636
7.33,0.0015052,-0.0019468,-0.0006134
7.34,0.000125636363636,0.00274936363636,-0.00197245454545
7.35,0.0009916,-0.0002303,-2.15e-05
7.36,-0.000664363636364,-0.00406490909091,0.000532181818182
7.37,-0.0002378,0.0002494,9.24e-05
7.38,0.001237,0.00277190909091,0.00202509090909
7.39,-0.0008473,0.0001278,0.0024108
7.4,-0.00187990909091,-0.00450836363636,0.00519345454545
7.41,-0.002009,0.004408,-0.000442
7.42,0.000507,-0.000475,0.002054
7.43,-0.00178027272727,0.00397045454545,0.002004
7.44,0.0002869,-0.0021946,0.003169
7.45,0.000527272727273,-0.00192018181818,0.00428736363636
7.46,-0.0004824,0.0002472,0.000579
7.47,-0.000811818181818,0.00608790909091,-0.00223063636364
7.48,0.00157272727273,0.00265063636364,-0.00130218181818
7.49,0.0015168,-0.0026936,-0.0025598
7.5,-0.000145818181818,-0.00149727272727,-0.000712454545455
7.51,-0.000734,0.000736,0.0008175
7.52,-0.000725818181818,0.000172,-0.000952545454545
7.53,-0.0007232,-5.6e-06,-0.0006404
7.54,-0.000308909090909,0.00208072727273,0.000805363636364
7.55,5.73e-05,0.0051639,-0.0003217
7.56,-0.000417636363636,0.00184772727273,-0.00185563636364
7.57,-9.94e-05,-0.0093374,-0.0005482
7.58,-0.00160845454545,-0.000292818181818,-0.00471736363636
7.59,0.00469818181818,0.00170172727273,0.00318736363636
7.6,-0.0021,0.010569,0.001971
7.61,0.000506,-0.000465,0.002086
7.62,-0.000589454545455,-0.00159136363636,0.00209327272727
7.63,0.0025203,0.0038517,0.000951
7.64,-0.002108,0.00341027272727,-0.001174
7.65,-0.0012456,0.0022206,0.001326
7.66,0.000279,-0.00784054545455,0.00127290909091
7.67,0.0004784,0.0013679,-0.0017124
7.68,0.000454636363636,0.00299909090909,0.00183454545455
7.69,-0.0016706,-0.0022002,0.0030776
7.7,-0.00108918181818,-0.00550845454545,0.000803090909091
7.71,-2.36363636364e-06,-0.00382390909091,0.000235363636364
7.72,-0.0007536,0.0019802,0.000843
7.73,-0.001219,0.00342781818182,0.000827363636364
7.74,-0.0011528,-0.0041673,0.0009011
7.75,0.00132136363636,-0.0107345454545,0.000639272727273
7.76,0.0027732,-0.005118,-0.0007874
7.77,0.00133745454545,-0.00415145454545,-0.00186645454545
7.78,-0.0006665,-0.0039135,0.0017544
7.79,-0.000479,-0.00148781818182,-0.00167554545455
7.8,0.001711,0.000764,-0.002801
7.81,0.000524,-0.001697,-0.000339
7.82,-0.00392054545455,-0.00174336363636,-0.00146172727273
7.83,-0.00232118181818,-0.00673809090909,0.00228536363636
7.84,-0.0018806,-0.0068766,-0.0007722
7.85,-0.00200109090909,0.00140963636364,-0.000941545454545
7.86,0.0005597,0.0018731,0.0002489
7.87,-0.00135563636364,-0.00473063636364,-0.00165681818182
7.88,-0.0001972,-0.0049096,-0.0051806
7.89,0.00104381818182,-0.00159418181818,-0.00600772727273
7.9,0.000436,0.0019835,-0.003048
7.91,0.000481363636364,-0.00113427272727,-2.19090909091e-05
7.92,-0.0004418,-0.0048958,0.0001894
7.93,-0.000175909090909,-0.00180890909091,0.000759454545455
7.94,0.0014486,-0.0004507,0.0016165
7.95,-0.00271727272727,0.00474727272727,-0.00186345454545
7.96,-0.00351272727273,-0.00173781818182,-0.00158145454545
7.97,9.85e-05,0.008254,-5.87e-05
7.98,-0.00163754545455,-0.000804818181818,0.00507245454545
7.99,0.001567,0.008147,0.000557
8.0,0.000612,-0.01028,0.004394
8.01,0.00149563636364,0.00535636363636,0.000915818181818
8.02,-0.0005526,0.0024731,-0.000494
8.03,0.000137,0.00702390909091,0.00233754545455
8.04,-0.0034682,0.0012186,0.0001202
8.05,-0.001741,-0.00138281818182,-0.00147
8.06,0.0001439,-0.0034121,0.0007853
8.07,0.00123118181818,0.000551181818182,0.000294727272727
8.08,0.000381363636364,-0.00214081818182,-0.000569454545455
8.09,-6.3e-05,-0.0059965,7.7e-05
8.1,-0.00169963636364,-0.00428536363636,-0.00155336363636
8.11,-0.0024232,-0.0034502,-0.0037386
8.12,-0.000367727272727,-0.00416136363636,-0.00166190909091
8.13,-0.0004455,-0.0048944,-5.69e-05
8.14,0.00229618181818,-0.00391318181818,-0.00176709090909
8.15,0.0009244,0.0017498,-0.001094
8.16,0.00161945454545,-0.00323845454545,0.00188545454545
8.17,-0.003818,-8e-06,0.0015939
8.18,0.00165745454545,-0.005816,-0.000751909090909
8.19,0.000432,0.001984,-0.003051
8.2,0.000415636363636,0.00310036363636,-0.00306190909091
8.21,-0.0006048,-0.0023167,0.0002832
8.22,0.00123909090909,0.000107727272727,0.00162945454545
8.23,-0.0002964,0.0017438,0.0008548
8.24,4.80909090909e-05,0.00556654545455,0.000574272727273
8.25,-0.0003933,2.13e-05,0.0006271
8.26,-0.000716363636364,-0.00292781818182,0.00143136363636
8.27,0.000697,0.0007688,0.0003786
8.28,0.00167827272727,0.000551636363636,-0.000592818181818
8.29,-0.0007605,0.0001335,-0.0018165
8.3,-0.00204745454545,-0.00306054545455,-0.00134563636364
8.31,-0.000272181818182,-0.00281490909091,0.000210363636364
8.32,4.43e-05,0.0037076,-0.000995
8.33,-0.00171063636364,-0.00328427272727,-0.00245245454545
8.34,-0.0039608,0.0016964,-0.0030628
8.35,-0.00161218181818,-0.00997327272727,0.00127363636364
8.36,-0.0004976,0.0073867,-0.0017657
8.37,0.00277972727273,0.00134463636364,-0.000487818181818
8.38,0.001587,0.006921,0.000564
8.39,-0.00431,-0.007884,-0.00053
8.4,0.00229181818182,-0.00335218181818,-0.000554545454545
8.41,-0.0004446,0.0036962,-0.0028277
8.42,-0.00180790909091,0.00342018181818,-0.00107627272727
8.43,-0.00113827272727,0.00320981818182,0.00114718181818
8.44,0.0009814,-0.0019307,0.0010146
8.45,0.000100090909091,0.00210354545455,0.000606454545455
8.46,-0.0015742,0.0056642,0.0012992
8.47,-0.000622454545455,-0.00170209090909,0.000530363636364
8.48,0.0011,-0.001687,3.6e-05
8.49,0.00108972727273,0.00277809090909,-0.001062
8.5,-0.0005838,0.004683,-0.00113
8.51,-0.002032,0.00342918181818,0.00225145454545
8.52,-0.000782,-0.0068563,0.0023991
8.53,0.00102381818182,-0.000343090909091,0.000632
8.54,-0.000558,0.0029656,-0.0008696
8.55,0.000447090909091,0.00108236363636,-0.00559781818182
8.56,0.000296727272727,-0.00381618181818,-0.000447
8.57,-0.001796,-0.012768,0.000743
8.58,-0.000771,0.00075,-0.001826
8.59,0.00141990909091,0.00300454545455,-0.00184145454545
8.6,-0.0015812,-0.0023311,-0.001798
8.61,0.000105636363636,-0.00594190909091,-0.000759636363636
8.62,0.001452,-0.0006846,0.0042972
8.63,0.00166190909091,0.00168036363636,0.00283272727273
8.64,-0.0016911,-0.0031869,0.0001629
8.65,-7.08181818182e-05,-0.001474,0.000195090909091
8.66,0.0003256,-0.0073466,-3.56e-05
8.67,-0.000846727272727,0.00600118181818,9.27272727273e-06
8.68,-0.000283090909091,0.00544390909091,-0.001093
8.69,7e-05,-0.0066142,-0.0005314
8.7,0.000129818181818,-1.52727272727e-05,0.00173454545455
8.71,0.0006077,-0.0015701,-0.0002129
8.72,-0.00112772727273,0.0100242727273,0.00152290909091
8.73,0.0007004,0.0005312,0.0035512
8.74,-0.00202781818182,-0.00450781818182,0.000662363636364
8.75,0.0026642,-7.32e-05,0.0005106
8.76,0.000412727272727,0.00344309090909,-0.000407181818182
8.77,0.00038,0.005684,0.001791
8.78,-0.000521,-0.016449,-0.000438
8.79,0.000233545454545,0.00814372727273,0.00265290909091
8.8,0.00149863636364,-0.00246418181818,9.67272727273e-05
8.81,-0.001185,-0.0044064,0.0013952
8.82,-0.00111036363636,0.00120345454545,0.00182881818182
8.83,-0.0015858,-0.0028366,-0.0032391
8.84,0.000288818181818,0.00320127272727,-0.00237327272727
8.85,0.0017118,-0.0029252,-0.0012666
8.86,0.001045,-0.00292890909091,-0.000425181818182
8.87,-0.0001485,-0.0010995,-0.001168
8.88,-0.000230636363636,0.000744,-0.000798090909091
8.89,-0.000599,0.0046836,0.0028022
8.9,-0.00149427272727,-0.00406127272727,0.00257409090909
8.91,-0.0006787,-0.0066337,-0.0008713
8.92,0.000225272727273,-3.77272727273e-05,-0.00178763636364
8.93,0.00159109090909,-0.00225590909091,-0.000874545454545
8.94,-0.0042009,0.0085792,0.002632
8.95,-0.000521909090909,-0.0174665454545,-0.000400181818182
8.96,-0.000911,0.009338,-0.000662
8.97,0.000454,-0.000475,0.000658
8.98,-0.00520054545455,0.00616590909091,-0.001642
8.99,0.0020244,0.0002672,-0.0006723
9.0,-0.000906363636364,-0.0145715454545,-0.000413
9.01,0.0017468,0.0108386,0.0013006
9.02,-0.000636454545455,-0.00261845454545,-0.00075
9.03,-0.0020946,0.006004,-0.0001279
9.04,-0.00188990909091,-0.00810172727273,-3.48181818182e-05
9.05,-0.00253754545455,-0.00945609090909,-0.00246481818182
9.06,0.000328,0.0074975,-0.001234
9.07,0.000184454545455,0.00208063636364,-0.000349545454545
9.08,-0.0034066,-0.004707,-0.0024694
9.09,-0.000692818181818,0.00128372727273,-0.00267545454545
9.1,0.0010152,-0.0061428,-0.0037856
9.11,-0.000504818181818,0.00363227272727,-0.00236481818182
9.12,0.0007922,-0.0076094,-0.0004766
9.13,0.001593,0.00455190909091,-0.000370272727273
9.14,0.0014335,-0.0096889,0.0003998
9.15,-0.00198454545455,0.00596254545455,-0.00261245454545
9.16,-0.00075,-0.002952,0.001933
9.17,-0.000782727272727,-0.000724727272727,-0.000308818181818
9.18,-0.0009471,0.0105473,-0.0028379
9.19,0.00125472727273,-0.00327381818182,5.51818181818e-05
9.2,0.0035896,0.0012732,0.0036126
9.21,-0.000278,-0.00484927272727,0.000842636363636
9.22,0.0005784,-0.0018433,-0.0013705
9.23,-0.00144790909091,-0.00085,-0.002529
9.24,-0.001098,0.0041606,-0.001556
9.25,-0.000856363636364,-0.003291,0.000824909090909
9.26,0.000499,-0.0047895,-0.000488
9.27,0.00120981818182,-0.000151181818182,-0.00186272727273
9.28,8.54545454545e-05,0.000738454545455,0.000344181818182
9.29,0.0016177,0.0023554,0.0018864
9.3,0.00210563636364,-0.00828672727273,0.00132545454545
9.31,0.001814,0.0056704,0.0001456
9.32,-0.00203690909091,0.00139745454545,0.00310854545455
9.33,-0.0023109,0.0030559,0.0029834
9.34,-0.00367790909091,-0.00845445454545,0.00199227272727
9.35,0.002893,-0.001689,0.001945
9.36,0.000412,0.000733,-0.001747
9.37,0.000379272727273,0.00297663636364,0.00155936363636
9.38,0.000601,-0.0122853,-0.0001557
9.39,0.001481,-0.00394809090909,-0.00147690909091
9.4,0.00254663636364,-0.000814090909091,-0.00261381818182
9.41,0.0011887,-0.0021969,0.002189
9.42,0.000443090909091,-0.00137809090909,0.002046
9.43,0.0020038,-0.0078384,0.0029788
9.44,0.00160263636364,-0.00471818181818,0.00174872727273
9.45,0.000412,0.000742,0.0013035
9.46,0.001525,0.000640818181818,0.00147418181818
9.47,0.0028602,0.0005146,-2.96e-05
9.48,0.00200290909091,-0.00169836363636,0.00205309090909
9.49,0.0008064,-0.0013385,0.0032825
9.5,0.00165945454545,-0.00148627272727,0.000733818181818
9.51,0.0009682,-0.0044204,0.0005162
9.52,-0.00176445454545,-0.00297563636364,-0.000704272727273
9.53,-0.000689727272727,0.00719563636364,-0.00179863636364
9.54,0.001663,-0.001718,-0.001705
9.55,0.000405,0.000739,0.001929
9.56,-0.00389409090909,-0.00936190909091,-0.000204636363636
9.57,0.0020354,0.0062762,-0.000562
9.58,-8.31818181818e-05,-0.00396836363636,-0.00146736363636
9.59,0.0001242,0.0031944,0.0021478
9.6,-0.00217827272727,-0.00510081818182,-0.000352818181818
9.61,-0.0006406,-0.0030821,0.0008636
9.62,0.000399727272727,0.001073,0.00114772727273
9.63,-0.0011016,0.003423,-5.56e-05
9.64,-0.000643636363636,-0.00362918181818,0.000857272727273
9.65,0.00103136363636,-0.00416781818182,0.00197681818182
9.66,0.0006458,0.0007436,0.0019338
9.67,0.000110545454545,-0.00250072727273,0.00197218181818
9.68,0.0016607,-0.0020739,0.0016063
9.69,0.00168354545455,-0.00360790909091,0.000433545454545
9.7,0.0014288,-0.0029424,-0.0004616
9.71,0.000556181818182,0.00509472727273,0.000567636363636
9.72,0.0016748,-0.0030451,0.005277
9.73,0.00191327272727,-0.00415981818182,0.00199263636364
9.74,0.004136,-0.004138,0.001999
9.75,0.002824,0.001977,-0.002947
9.76,0.000601272727273,0.00196609090909,0.000375727272727
9.77,0.00140909090909,-3.21818181818e-05,0.00172909090909
9.78,0.0007172,-0.00442,0.0010152
9.79,0.00396481818182,-1.4e-05,-0.000150181818182
9.8,0.0009906,0.0019639,-0.0013656
9.81,-1.95454545455e-05,-0.00117190909091,-0.000927545454545
9.82,0.000472,-0.0044296,-0.0011832
9.83,0.00112363636364,-0.00339036363636,0.000317454545455
9.84,0.0010135,0.000132,0.0013445
9.85,-0.000731181818182,0.00139709090909,0.000169727272727
9.86,-0.001523,-0.0022268,0.0010014
9.87,0.000549909090909,-0.00260590909091,0.00187609090909
9.88,0.002085,0.0018605,0.0002394
9.89,0.000436727272727,-0.00249490909091,0.00198563636364
9.9,0.000178909090909,-4.10909090909e-05,0.00173909090909
9.91,-0.0004651,-0.007747,0.0005694
9.92,0.00156709090909,0.00387263636364,-0.00140172727273
9.93,0.001648,-0.001701,0.001981
9.94,-0.000815,-0.000489,0.004403
9.95,-0.000716818181818,-0.00720809090909,-0.00107881818182
9.96,0.0002803,-0.0001292,-0.0016999
9.97,0.000404727272727,-0.000266181818182,0.000299
9.98,-0.0025536,0.0014488,0.0007178
9.99,-0.000549272727273,-0.00340518181818,-0.000117363636364
10.0,0.0163091,0.0240196,0.0078852
10.01,-0.0257542727273,0.132277090909,-0.00748890909091
10.02,-0.0309100909091,0.181139818182,-0.0115294545455
10.03,0.025783,0.0617625,-0.0138105
10.04,0.0240942727273,-0.131877090909,-0.00999290909091
10.05,0.0010446,-0.2467084,0.0024176
10.06,0.0353198181818,-0.193048454545,0.00394936363636
10.07,0.022944,-0.0288762,0.0072007
10.08,0.00464654545455,0.0134004545455,-0.00114109090909
10.09,0.0058672,0.027343,0.0026988
10.1,-0.00952872727273,0.0558580909091,0.00938945454545
10.11,-0.0071106,-0.0555902,0.0048092
10.12,-0.0246323636364,-0.0213518181818,0.0458239090909
10.13,-0.009536,0.85295,0.242653
10.14,0.00629036363636,1.21775181818,0.395610272727
10.15,0.0191302,0.6302125,0.2807849
10.16,-0.0429135454545,-0.316340727273,-0.0319223636364
10.17,-0.0291246,-0.8805916,-0.0935456
10.18,0.0166055454545,-0.580905454545,-0.0197354545455
10.19,-0.0208159,-0.4506951,0.0211885
10.2,-0.0661477272727,-0.584113181818,-0.00674209090909
10.21,-0.1088464,-0.6442096,-0.0936316
10.22,-0.276989454545,-0.653476545455,-0.276097636364
10.23,-0.692771,-0.677091,-0.4725415
10.24,-1.20262072727,-0.727928181818,-0.520309
10.25,-1.47316781818,-0.878771454545,-0.425097181818
10.26,-1.4966861,-1.2518532,-0.3243079
10.27,-1.53525390909,-1.87606190909,-0.280997454545
10.28,-1.6073382,-2.2355668,-0.186796
10.29,-1.67402518182,-1.74832181818,-0.0601685454545
10.3,-1.7005635,-0.9921226,0.2656457
10.31,-1.74938127273,-0.605860272727,0.594721818182
10.32,-1.949514,-0.676633,0.71688
10.33,-2.254416,-0.558944,0.775873
10.34,-2.44657327273,-0.873263090909,0.861593
10.35,-2.7560354,-0.9209121,0.8189424
10.36,-3.15195618182,-0.953194545455,0.550838
10.37,-3.5870616,-0.81054,0.03208
10.38,-3.91067036364,-0.630913909091,-0.431297181818
10.39,-4.02234363636,-0.403581818182,-0.611035727273
10.4,-3.8642328,-0.29754,-0.468775
10.41,-3.29123254545,-0.326899090909,-0.139835181818
10.42,-2.103228,-0.1964985,0.134449
10.43,-0.718164818182,-0.0894742727273,0.369035909091
10.44,0.068325,-0.2145202,0.625541
10.45,0.0331948181818,-0.297667181818,0.736318181818
10.46,-0.3554123,-0.2818098,0.6775604
10.47,-0.570545545455,-0.319764181818,0.632016727273
10.48,-0.60328,-0.4381766,0.6298976
10.49,-0.620705454545,-0.646481,0.612074727273
10.5,-0.671519272727,-0.767489818182,0.579480181818
10.51,-0.716092,-0.836108,0.563372
10.52,-0.590864,-0.788325,0.530319
10.53,-0.347862181818,-0.837485909091,0.498219
10.54,0.0321243,-0.8624054,0.4380228
10.55,0.354735090909,-0.79693,0.322010454545
10.56,0.6379248,-0.7300916,0.1610746
10.57,0.826976090909,-0.698483363636,-0.0246492727273
10.58,0.9704807,-0.7494131,-0.1831848
10.59,1.09119690909,-0.816733454545,-0.306897272727
10.6,1.2009812,-0.8797442,-0.4334136
10.61,1.26988527273,-0.891883545455,-0.480629818182
10.62,1.29780436364,-0.900975818182,-0.439404363636
10.63,1.3415252,-0.9266312,-0.3788424
10.64,1.46401954545,-0.919985363636,-0.351740909091
10.65,1.6548918,-0.894576,-0.3616376
10.66,1.88666190909,-0.833867272727,-0.395170090909
10.67,2.0691466,-0.72145,-0.4104418
10.68,2.12655027273,-0.630149636364,-0.354615363636
10.69,2.0552596,-0.5558478,-0.191169
10.7,1.92629527273,-0.530737727273,0.093889
10.71,1.828828,-0.553075,0.380099
10.72,1.71205,-0.592745,0.614491
10.73,1.58612818182,-0.646069545455,0.731149181818
10.74,1.52398118182,-0.682975636364,0.762949636364
10.75,1.5374602,-0.6929392,0.6962432
10.76,1.56589209091,-0.638382181818,0.579442909091
10.77,1.5547777,-0.5140771,0.4455606
10.78,1.49537290909,-0.382836545455,0.333196090909
10.79,1.4364914,-0.2576366,0.2676948
10.8,1.41146972727,-0.123543909091,0.246879090909
10.81,1.4159195,0.013931,0.25865
10.82,1.43272745455,0.104185,0.311416363636
10.83,1.446154,0.1378114,0.4008368
10.84,1.45666081818,0.155046272727,0.520170636364
10.85,1.4673676,0.1843526,0.6650756
10.86,1.46494554545,0.236147181818,0.838861636364
10.87,1.43401827273,0.284617909091,0.995198545455
10.88,1.3873998,0.3465536,1.0896096
10.89,1.37474790909,0.409709090909,1.12973654545
10.9,1.409797,0.52182,1.152052
10.91,1.427187,0.587215,1.184423
10.92,1.47048609091,0.666900454545,1.17267936364
10.93,1.5606364,0.7505959,1.0820414
10.94,1.62030281818,0.819284636364,0.911878909091
10.95,1.6170102,0.8831814,0.7312268
10.96,1.56305945455,0.933446272727,0.602132272727
10.97,1.4949206,0.9805429,0.5395153
10.98,1.43326754545,1.00074,0.587228818182
10.99,1.37854427273,0.973360181818,0.709391181818
11.0,1.300202,0.911746,0.8501255
11.01,1.18019518182,0.849063181818,0.956905272727
11.02,1.059885,0.8254278,1.0089344
11.03,0.995008818182,0.873786545455,0.998288363636
11.04,0.9903599,0.9740385,0.9296592
11.05,1.01163490909,1.09051772727,0.787847545455
11.06,1.0328026,1.1905122,0.6093574
11.07,1.08045409091,1.30977427273,0.445048636364
11.08,1.1376,1.3983605,0.3241073
11.09,1.16537190909,1.46941472727,0.236360909091
11.1,1.144201,1.549552,0.21
11.11,1.08375372727,1.57939290909,0.289424545455
11.12,0.9173443,1.5637938,0.4948099
11.13,0.625071818182,1.51970636364,0.767013454545
11.14,0.2349676,1.4776368,1.0953896
11.15,-0.212389545455,1.50720890909,1.48082363636
11.16,-0.7130987,1.470155,1.9965171
11.17,-1.13007809091,1.318679,2.53520436364
11.18,-1.4079456,1.1159384,2.9862166
11.19,-1.45872145455,0.960908181818,3.19316118182
11.2,-1.2386295,0.9316995,3.112755
11.21,-0.881985272727,1.02687945455,2.75469381818
11.22,-0.525325636364,1.16987890909,2.12675527273
11.23,-0.0779157,1.3284545,1.1802632
11.24,0.450338727273,1.49574136364,0.0993065454545
11.25,0.8514826,1.7004266,-0.7394816
11.26,1.08200681818,1.98525718182,-1.29437872727
11.27,1.0321053,2.1995821,-1.4789479
11.28,0.640699272727,2.28128963636,-1.25926554545
11.29,0.139592,2.196196,-0.878201
11.3,-0.401589,2.000771,-0.438482
11.31,-0.808660818182,1.94530009091,-0.155075636364
11.32,-1.0446725,1.8271135,0.1550064
11.33,-0.991063454545,1.72642418182,0.363148727273
11.34,-0.726952,1.6444892,0.453574
11.35,-0.402908,1.57410618182,0.430372727273
11.36,-0.133834545455,1.47450090909,0.369989181818
11.37,0.0218322,1.3686204,0.3212524
11.38,-0.0143671818182,1.25303327273,0.305136545455
11.39,-0.1703175,1.147128,0.297331
11.4,-0.300347363636,1.13132909091,0.270418181818
11.41,-0.3414286,1.2109368,0.2089404
11.42,-0.316033818182,1.34602545455,0.0786552727273
11.43,-0.2784409,1.5111308,-0.1206589
11.44,-0.277461636364,1.64279727273,-0.313807454545
11.45,-0.273795,1.6700626,-0.4170772
11.46,-0.265282636364,1.62246645455,-0.486228909091
11.47,-0.295961090909,1.507776,-0.524485272727
11.48,-0.397022,1.349366,-0.506598
11.49,-0.520929,1.210857,-0.416514
11.5,-0.642641727273,1.09704154545,-0.364723090909
11.51,-0.722187,1.0274147,-0.3888354
11.52,-0.745602181818,1.01550536364,-0.470976636364
11.53,-0.722446,1.0613282,-0.612895
11.54,-0.662054181818,1.169502,-0.830297454545
11.55,-0.5733562,1.3165779,-1.1112204
11.56,-0.467504818182,1.45490372727,-1.398843
11.57,-0.35874,1.5717522,-1.6737984
11.58,-0.261009090909,1.63737954545,-1.88058090909
11.59,-0.218241363636,1.63853227273,-1.99475636364
11.6,-0.2726386,1.585257,-2.0042072
11.61,-0.408316454545,1.47204972727,-1.89638381818
11.62,-0.5655777,1.2840947,-1.7106683
11.63,-0.735653454545,1.05420836364,-1.47318645455
11.64,-0.8590362,0.8677052,-1.2570944
11.65,-0.890883,0.685708727273,-1.08525072727
11.66,-0.8442229,0.5473149,-0.981143
11.67,-0.736933818182,0.417115636364,-0.939940545455
11.68,-0.638842,0.320772,-0.970896
11.69,-0.556086,0.262377,-1.034777
11.7,-0.487568727273,0.212547909091,-1.10177881818
11.71,-0.427286454545,0.178678272727,-1.18294009091
11.72,-0.3764674,0.184255,-1.2522182
11.73,-0.330087363636,0.174099818182,-1.29623518182
11.74,-0.2571547,0.1593691,-1.3212002
11.75,-0.170345454545,0.156502545455,-1.33842781818
11.76,-0.0545474,0.1572568,-1.3579362
11.77,0.0698824545455,0.160564545455,-1.38037354545
11.78,0.1830545,0.169987,-1.3923955
11.79,0.279476545455,0.184878545455,-1.39064927273
11.8,0.366764,0.1897304,-1.3785016
11.81,0.457933,0.179884454545,-1.35667990909
11.82,0.5349612,0.1748822,-1.3391738
11.83,0.563645363636,0.163245454545,-1.324246
11.84,0.553265727273,0.127264909091,-1.29994363636
11.85,0.5541579,0.0729033,-1.2468067
11.86,0.567081181818,0.0182702727273,-1.16158727273
11.87,0.590393,-0.056127,-1.09422
11.88,0.657063,-0.100821,-1.054533
11.89,0.778806636364,-0.142262818182,-1.10370663636
11.9,0.9573127,-0.1596523,-1.2497161
11.91,1.129217,-0.119047363636,-1.45209963636
11.92,1.3379862,-0.0829618,-1.6446892
11.93,1.53185281818,-0.0107347272727,-1.75456363636
11.94,1.6929376,0.0483883,-1.7824844
11.95,1.79463172727,0.0631847272727,-1.71279172727
11.96,1.83981409091,0.0595985454545,-1.57547736364
11.97,1.817469,0.052982,-1.381575
11.98,1.72677663636,0.0078,-1.16697081818
11.99,1.6127922,-0.0958708,-0.9868522
12.0,1.52274890909,-0.215335,-0.931051636364
12.01,1.4769347,-0.3044977,-1.07408
12.02,1.46811481818,-0.342566272727,-1.38635636364
12.03,1.4853294,-0.2954254,-1.7430138
12.04,1.51203827273,-0.216294818182,-2.08040318182
12.05,1.5195799,-0.1300826,-2.2696074
12.06,1.48884890909,0.00983763636364,-2.30547581818
12.07,1.398358,0.118674,-2.233564
12.08,1.22472527273,0.136517636364,-2.07557127273
12.09,0.9555717,0.1266875,-1.8308084
12.1,0.681868,0.102766909091,-1.55021390909
12.11,0.4441852,0.0437476,-1.235741
12.12,0.300130909091,-0.058574,-0.992298
12.13,0.2315332,-0.1452013,-0.82991
12.14,0.241913909091,-0.212344181818,-0.774601909091
12.15,0.3175162,-0.2571456,-0.820882
12.16,0.444510636364,-0.250230909091,-0.963716545455
12.17,0.6047585,-0.203706,-1.1763555
12.18,0.765221363636,-0.133767909091,-1.40309172727
12.19,0.896892272727,-0.0480033636364,-1.59061918182
12.2,0.9985949,0.0351025,-1.7450862
12.21,1.055172,0.087887,-1.86466054545
12.22,1.0704486,0.1209742,-1.9228146
12.23,1.06746845455,0.105784818182,-1.92693609091
12.24,1.0550831,0.0594471,-1.9055399
12.25,1.02723736364,-0.0318574545455,-1.85115245455
12.26,1.011931,-0.125552,-1.764847
12.27,1.017998,-0.206367,-1.696914
12.28,1.02859981818,-0.247601545455,-1.69870127273
12.29,1.060062,-0.2240041,-1.7649706
12.3,1.13647254545,-0.153134363636,-1.85364945455
12.31,1.2435692,-0.0647644,-1.9649328
12.32,1.34089181818,0.0200921818182,-2.08364590909
12.33,1.41643909091,0.0905874545455,-2.19895390909
12.34,1.4657806,0.1564204,-2.3106312
12.35,1.49808827273,0.215127272727,-2.40631127273
12.36,1.5269415,0.2714045,-2.4970955
12.37,1.55154427273,0.314242636364,-2.586097
12.38,1.5624338,0.3356062,-2.657021
12.39,1.55889927273,0.335549818182,-2.68437127273
12.4,1.5496711,0.3052443,-2.6609133
12.41,1.51678836364,0.243127363636,-2.60892063636
12.42,1.4578824,0.1607278,-2.5482188
12.43,1.38574181818,0.0682439090909,-2.48543836364
12.44,1.3343513,-0.0373628,-2.4556024
12.45,1.29848281818,-0.129771636364,-2.45902627273
12.46,1.279161,-0.177008,-2.500789
12.47,1.28368736364,-0.182713454545,-2.55065263636
12.48,1.3102067,-0.159794,-2.5502984
12.49,1.33903363636,-0.151673545455,-2.47778027273
12.5,1.3567024,-0.1617658,-2.350337
12.51,1.35900990909,-0.179440818182,-2.21492
12.52,1.3641679,-0.2035874,-2.0855347
12.53,1.38450272727,-0.219846272727,-2.006846
12.54,1.4378672,-0.210181,-1.9880982
12.55,1.50561709091,-0.179459727273,-2.00111427273
12.56,1.575038,-0.134493,-2.0145525
12.57,1.63794981818,-0.0621862727273,-2.01717890909
12.58,1.67984072727,0.0227284545455,-1.99679836364
12.59,1.6964403,0.0928933,-1.9348721
12.6,1.68192763636,0.132111545455,-1.82420163636
12.61,1.643671,0.132625,-1.6917876
12.62,1.58124427273,0.109309181818,-1.53422472727
12.63,1.517027,0.0906148,-1.3925898
12.64,1.45329718182,0.065837,-1.26820390909
12.65,1.395869,0.041007,-1.178253
12.66,1.321856,0.002548,-1.074348
12.67,1.25728054545,-0.0658956363636,-0.978446181818
12.68,1.1899371,-0.1227863,-0.8773719
12.69,1.153562,-0.155486090909,-0.779149363636
12.7,1.14951945455,-0.152420272727,-0.717941
12.71,1.1626692,-0.1049888,-0.6907564
12.72,1.17005490909,-0.0204337272727,-0.689536636364
12.73,1.161898,0.0575718,-0.6884318
12.74,1.13294381818,0.131971181818,-0.670153909091
12.75,1.089388,0.1848735,-0.62458
12.76,1.03201809091,0.194139,-0.560869272727
12.77,0.9636382,0.1732942,-0.4906956
12.78,0.896387,0.120671363636,-0.426955909091
12.79,0.8397351,0.0428932,-0.4010562
12.8,0.790184454545,-0.0433720909091,-0.408918636364
12.81,0.7452676,-0.1111956,-0.427055
12.82,0.705622363636,-0.151727454545,-0.435965181818
12.83,0.674860818182,-0.184045545455,-0.425199818182
12.84,0.632909,-0.203321,-0.389628
12.85,0.578185,-0.224513,-0.323646
12.86,0.545219545455,-0.250225727273,-0.233615090909
12.87,0.533283,-0.2636789,-0.145439
12.88,0.537119181818,-0.250587818182,-0.0818418181818
12.89,0.5603626,-0.225506,-0.0493064
12.9,0.585115,-0.195704181818,-0.0399580909091
12.91,0.5962968,-0.1659103,-0.0411134
12.92,0.586083545455,-0.139920727273,-0.0292901818182
12.93,0.562383,-0.12868,0.0205522
12.94,0.527148636364,-0.129738909091,0.114021363636
12.95,0.492804545455,-0.136958454545,0.227170454545
12.96,0.4781036,-0.149749,0.3622682
12.97,0.496335454545,-0.172498909091,0.518242363636
12.98,0.540336,-0.1995362,0.6607516
12.99,0.601151181818,-0.210519181818,0.778898363636
13.0,0.6571746,-0.204629,0.8652216
13.01,0.705263181818,-0.139255727273,0.917322363636
13.02,0.7336618,-0.1004335,0.9041011
13.03,0.753569181818,-0.106146454545,0.823934818182
13.04,0.775811,-0.107341,0.735243
13.05,0.795262,-0.100058,0.65101
13.06,0.806439272727,-0.104665272727,0.575634545455
13.07,0.815543272727,-0.104221090909,0.514184545455
13.08,0.8075252,-0.1032552,0.4640864
13.09,0.787490818182,-0.116694545455,0.436884272727
13.1,0.7614283,-0.1366565,0.4175282
13.11,0.734631090909,-0.158086909091,0.402067454545
13.12,0.7060392,-0.1868404,0.3759878
13.13,0.681111272727,-0.230626727273,0.340034090909
13.14,0.6618425,-0.258539,0.2981945
13.15,0.654391909091,-0.258442181818,0.247240818182
13.16,0.6521542,-0.2484288,0.1869966
13.17,0.63055,-0.216621636364,0.125485090909
13.18,0.587469727273,-0.166136090909,0.0797075454545
13.19,0.5387182,-0.1322284,0.0571322
13.2,0.486501,-0.139659636364,0.0689464545455
13.21,0.4245812,-0.1859809,0.110659
13.22,0.351754,-0.243513909091,0.164986727273
13.23,0.298194,-0.305313,0.210924
13.24,0.263637,-0.366943,0.252921
13.25,0.245285181818,-0.405053909091,0.264330090909
13.26,0.224001,-0.4334305,0.2502736
13.27,0.221175636364,-0.459353,0.228835727273
13.28,0.219964,-0.4586582,0.2126694
13.29,0.206236909091,-0.449396,0.173212272727
13.3,0.1765742,-0.4606642,0.0997778
13.31,0.149666636364,-0.465536,0.0143068181818
13.32,0.146193,-0.456231818182,-0.0679040909091
13.33,0.1722955,-0.4367085,-0.153737
13.34,0.211563,-0.405345181818,-0.244084909091
13.35,0.2436066,-0.3560106,-0.3358128
13.36,0.269802909091,-0.283613909091,-0.421967636364
13.37,0.3015667,-0.1973462,-0.4943933
13.38,0.341243545455,-0.106435545455,-0.557076727273
13.39,0.369734,-0.0341916,-0.5878098
13.4,0.386517454545,0.0131918181818,-0.589507909091
13.41,0.3775127,0.0195403,-0.5619445
13.42,0.336972636364,-0.0112528181818,-0.540592272727
13.43,0.280079,-0.073331,-0.570115
13.44,0.244859909091,-0.0975428181818,-0.697587727273
13.45,0.2413695,-0.1028764,-0.9245161
13.46,0.279590272727,-0.0492965454545,-1.17741554545
13.47,0.3527182,0.0236308,-1.4162086
13.48,0.435072636364,0.0722105454545,-1.57160663636
13.49,0.5066455,0.1065162,-1.6576249
13.5,0.537952272727,0.143377636364,-1.66409427273
13.51,0.5370208,0.2122974,-1.6000988
13.52,0.508823272727,0.290043,-1.47630545455
13.53,0.469595,0.343914,-1.283983
13.54,0.438591272727,0.367344545455,-1.03086781818
13.55,0.435035090909,0.368172545455,-0.767466363636
13.56,0.4769783,0.3515178,-0.5216706
13.57,0.561078909091,0.323062636364,-0.345897272727
13.58,0.649115,0.2934172,-0.2689222
13.59,0.731952818182,0.274002363636,-0.272575181818
13.6,0.7966583,0.2525344,-0.3149637
13.61,0.848484090909,0.231638454545,-0.383559636364
13.62,0.880265,0.185903,-0.457366
13.63,0.897066,0.123105,-0.547029
13.64,0.901948727273,0.092805,-0.604419909091
13.65,0.9120247,0.0355302,-0.6557422
13.66,0.938290818182,-0.0527610909091,-0.681903818182
13.67,0.9938142,-0.1413516,-0.6906456
13.68,1.08010227273,-0.220790090909,-0.696168818182
13.69,1.18467118182,-0.288674727273,-0.719726090909
13.7,1.2983818,-0.3202982,-0.769307
13.71,1.38783736364,-0.296576454545,-0.827463545455
13.72,1.4524855,-0.240699,-0.889123
13.73,1.48350363636,-0.165019727273,-0.945524727273
13.74,1.471862,-0.0767658,-0.976952
13.75,1.42386554545,-0.0227782727273,-0.962171272727
13.76,1.3507337,-0.0447034,-0.8875406
13.77,1.26257536364,-0.112397727273,-0.773695
13.78,1.17332,-0.1941706,-0.6852144
13.79,1.07979181818,-0.313839181818,-0.593072
13.8,0.993269454545,-0.393987181818,-0.494013636364
13.81,0.927794,-0.476989,-0.40685
13.82,0.848722,-0.588113,-0.340092
13.83,0.746882909091,-0.692714818182,-0.261701090909
13.84,0.624874,-0.8079476,-0.1773485
13.85,0.510660636364,-0.904868909091,-0.125374545455
13.86,0.409601,-0.9775456,-0.0831988
13.87,0.352717545455,-0.995846090909,-0.0884474545455
13.88,0.3110837,-0.9790709,-0.1108135
13.89,0.265225636364,-0.933082,-0.109397181818
13.9,0.2010064,-0.8576952,-0.0207722
13.91,0.118698181818,-0.745591818182,0.165199545455
13.92,0.0118790909091,-0.659961363636,0.361565
13.93,-0.104598,-0.6563318,0.5280738
13.94,-0.180710363636,-0.698482,0.691261636364
13.95,-0.2083676,-0.7159431,0.8636382
13.96,-0.222329090909,-0.724645909091,0.975896181818
13.97,-0.27324,-0.7440012,0.9653938
13.98,-0.375559272727,-0.803796363636,0.892441545455
13.99,-0.4348284,-0.7383318,0.8425653
14.0,-0.467174363636,-0.679347545455,0.788880636364
14.01,-0.484598,-0.704313,0.720277
14.02,-0.403902,-0.704705,0.740046
14.03,-0.294665636364,-0.649998636364,0.753148727273
14.04,-0.189853181818,-0.566648545455,0.623154727273
14.05,-0.1595306,-0.4605092,0.3773456
14.06,-0.307526,-0.432319181818,0.133612727273
14.07,-0.6149352,-0.4113853,-0.062281
14.08,-0.884879454545,-0.419846,-0.133947636364
14.09,-1.0468206,-0.4650822,-0.0753504
14.1,-1.08688918182,-0.491267363636,0.0685469090909
14.11,-1.0252825,-0.4740315,0.205651
14.12,-0.949103545455,-0.503793363636,0.275013727273
14.13,-1.0818682,-0.6096006,0.321413
14.14,-1.22119081818,-0.770444181818,0.383218363636
14.15,-0.935092,-0.970626545455,0.42994
14.16,-0.632126,-1.0356244,0.5372922
14.17,-0.731111454545,-0.818771272727,0.804441363636
14.18,-0.9084549,-0.6788784,0.8719695
14.19,-1.12821181818,-0.413847090909,0.807002636364
14.2,-1.37522,-0.242368,0.681449
14.21,-1.628148,-0.084554,0.459474
14.22,-1.84999527273,0.0375214545455,0.182457636364
14.23,-2.0529819,0.1488217,-0.1246589
14.24,-2.13613809091,0.162696454545,-0.324688181818
14.25,-2.115077,0.0375162,-0.4634424
14.26,-2.07596472727,-0.124135090909,-0.494491363636
14.27,-2.0922927,-0.1506276,-0.4251763
14.28,-2.17435218182,-0.0758297272727,-0.327809909091
14.29,-2.261954,-0.120077363636,-0.280366818182
14.3,-2.3335395,-0.25719,-0.2921715
14.31,-2.38482590909,-0.376207181818,-0.295216181818
14.32,-2.422171,-0.4341866,-0.2764316
14.33,-2.39812409091,-0.432426636364,-0.300478818182
14.34,-2.2489306,-0.4431143,-0.3574938
14.35,-2.04690827273,-0.494480727273,-0.390612818182
14.36,-1.9719924,-0.5544316,-0.3403454
14.37,-2.11546818182,-0.40308,-0.215607181818
14.38,-2.2460403,-0.1027429,-0.1738013
14.39,-2.38523972727,-0.125472363636,-0.202892636364
14.4,-2.499927,-0.417396,-0.324669
14.41,-2.49476881818,-0.773761454545,-0.691800818182
14.42,-2.3467052,-1.1217736,-1.3204404
14.43,-2.06001154545,-1.44912190909,-1.89787718182
14.44,-1.6554274,-1.8688978,-2.3850154
14.45,-1.19581,-2.32910981818,-2.68494127273
14.46,-0.652461,-2.6598827,-2.7832878
14.47,-0.0962612727273,-2.72838481818,-2.64134090909
14.48,0.465177,-2.7070464,-2.3308808
14.49,0.939655545455,-2.70841272727,-1.99349109091
14.5,1.2716715,-2.6946205,-1.7201905
14.51,1.43604881818,-2.69392509091,-1.54489809091
14.52,1.46891463636,-2.64545345455,-1.43852881818
14.53,1.4080355,-2.317957,-1.3503237
14.54,1.27798054545,-1.73485036364,-1.28781618182
14.55,1.164039,-1.3767846,-1.284259
14.56,1.112511,-1.23900609091,-1.31641754545
14.57,1.1242812,-1.1227349,-1.3338352
14.58,1.19861654545,-1.06871536364,-1.34655909091
14.59,1.279552,-1.131619,-1.34904
14.6,1.317741,-1.404094,-1.368252
14.61,1.25006645455,-1.71881218182,-1.425312
14.62,1.0467003,-2.0023497,-1.5104349
14.63,0.756775454545,-2.167652,-1.52370254545
14.64,0.46403,-2.3052756,-1.433522
14.65,0.270698454545,-2.21658927273,-1.23115909091
14.66,0.129478363636,-1.881943,-0.992929
14.67,-0.0149568,-1.4455388,-0.8212742
14.68,-0.139804363636,-1.05578454545,-0.782815909091
14.69,-0.223783,-0.7376575,-0.8446275
14.7,-0.250766636364,-0.479377272727,-0.928993181818
14.71,-0.224733,-0.2516944,-0.954075
14.72,-0.163155181818,-0.0452362727273,-0.892341727273
14.73,-0.070115,0.1301553,-0.7799834
14.74,0.0518701818182,0.233361363636,-0.664619818182
14.75,0.149874,0.1357446,-0.5793434
14.76,0.237900727273,-0.170294636364,-0.515129909091
14.77,0.290076545455,-0.395569636364,-0.488377636364
14.78,0.320672,-0.512546,-0.482714
14.79,0.320788,-0.60474,-0.495244
14.8,0.302439818182,-0.718867272727,-0.499737636364
14.81,0.268853,-0.8168168,-0.4928484
14.82,0.227538909091,-0.841814636364,-0.474018272727
14.83,0.1880988,-0.7953394,-0.4520382
14.84,0.122119818182,-0.632399818182,-0.445601454545
14.85,-0.0004126,-0.3008764,-0.4546751
14.86,-0.163750454545,0.0566654545455,-0.470098909091
14.87,-0.337584,0.4137284,-0.4884784
14.88,-0.488873272727,0.778156363636,-0.506796727273
14.89,-0.631455090909,1.10632090909,-0.504298090909
14.9,-0.799414,1.3024744,-0.4484182
14.91,-0.958717818182,1.30230236364,-0.348929545455
14.92,-1.0404154,1.2548593,-0.2884005
14.93,-1.04732227273,1.29642190909,-0.316398181818
14.94,-0.9938672,1.3744878,-0.402085
14.95,-0.861049272727,1.34181827273,-0.506480818182
14.96,-0.6500487,1.1695751,-0.5702119
14.97,-0.293723181818,1.13085227273,-0.618392818182
14.98,0.072345,1.179215,-0.564531
14.99,0.344527,1.042441,-0.352469
15.0,0.521404272727,0.802418272727,-0.145453545455
15.01,0.603955,0.651725454545,-0.0134809090909
15.02,0.6018802,0.5468336,0.0392836
15.03,0.536669272727,0.448267181818,-0.00193754545455
15.04,0.422859,0.3133233,-0.0910376
15.05,0.288368818182,0.149890727273,-0.168758909091
15.06,0.1355524,-0.023423,-0.2118846
15.07,-0.00473563636364,-0.177663181818,-0.211373727273
15.08,-0.087679,-0.3017545,-0.2045855
15.09,-0.0815628181818,-0.397705818182,-0.222221818182
15.1,-0.0061314,-0.4704588,-0.2555596
15.11,0.0959765454545,-0.515832636364,-0.281362090909
15.12,0.179244818182,-0.540392636364,-0.281656727273
15.13,0.235275,-0.5765628,-0.2684696
15.14,0.269821,-0.662413090909,-0.252133818182
15.15,0.2957549,-0.624222,-0.1777525
15.16,0.241961909091,-0.580234727273,-0.0789162727273
15.17,0.118311,-0.636892,0.036671
15.18,-0.12523,-0.618881,0.245721
15.19,-0.352833636364,-0.557858272727,0.443081
15.2,-0.5834661,-0.4813886,0.6087259
15.21,-0.744005272727,-0.445682272727,0.640242909091
15.22,-0.8216736,-0.4275002,0.5389096
15.23,-0.800639,-0.297053818182,0.31363
15.24,-0.7148946,-0.0036608,-0.095561
15.25,-0.545195818182,0.225291090909,-0.597021090909
15.26,-0.315692909091,0.354212181818,-1.05875436364
15.27,-0.0590425,0.416502,-1.3954295
15.28,0.124021090909,0.419099090909,-1.49594872727
15.29,0.1771544,0.3578332,-1.353524
15.3,0.108020454545,0.252109090909,-1.00381727273
15.31,-0.0748562,0.1866041,-0.524078
15.32,-0.367293272727,0.176209090909,0.0292375454545
15.33,-0.6820578,0.178521,0.509752
15.34,-1.01055990909,0.131475727273,0.871422727273
15.35,-1.2839958,0.0674835,1.0818804
15.36,-1.52539209091,0.0651385454545,1.15362118182
15.37,-1.663003,0.127234,1.074943
15.38,-1.70825663636,0.104875818182,0.860873909091
15.39,-1.6522894,-0.0479948,0.5895487
15.4,-1.52255109091,-0.0641011818182,0.394361181818
15.41,-1.3178476,-0.0202946,0.265465
15.42,-1.04322672727,-0.131554,0.191141272727
15.43,-0.6967093,-0.2954607,0.1208017
15.44,-0.314274727273,-0.413197181818,0.0591951818182
15.45,0.1185338,-0.5005264,0.028265
15.46,0.529067363636,-0.611986181818,0.0614840909091
15.47,0.8965665,-0.7691655,0.1421465
15.48,1.21697063636,-0.897662545455,0.250687545455
15.49,1.45663663636,-0.930919272727,0.377984636364
15.5,1.6025753,-0.9181386,0.500965
15.51,1.63589145455,-0.952040181818,0.567235636364
15.52,1.5532466,-1.0148392,0.5703554
15.53,1.36156990909,-1.06543690909,0.510944818182
15.54,1.1234991,-1.0226526,0.3788876
15.55,0.855490818182,-0.871861454545,0.147517272727
15.56,0.661109,-0.804346,-0.15663
15.57,0.547186,-0.874242,-0.530998
15.58,0.549083272727,-1.005972,-0.853718
15.59,0.6445686,-1.1419734,-1.1888049
15.6,0.822617545455,-1.32258163636,-1.42905663636
15.61,1.1095414,-1.5158808,-1.575249
15.62,1.45508972727,-1.58073581818,-1.57616045455
15.63,1.78803963636,-1.56292081818,-1.47582736364
15.64,2.0653696,-1.4665488,-1.312707
15.65,2.22576054545,-1.26642854545,-1.14210427273
15.66,2.24903,-0.962614,-0.9761605
15.67,2.11017718182,-0.592213545455,-0.810228090909
15.68,1.806039,-0.1747494,-0.6544574
15.69,1.37261427273,0.244509272727,-0.541336272727
15.7,0.9208185,0.5556192,-0.5002194
15.71,0.463108727273,0.782475363636,-0.505614454545
15.72,0.061981,0.8999258,-0.4971654
15.73,-0.268039909091,0.916700818182,-0.426391545455
15.74,-0.445286545455,0.869386636364,-0.336905454545
15.75,-0.542632,0.761473,-0.25958
15.76,-0.574191,0.661651,-0.257482
15.77,-0.556662818182,0.602361,-0.335637454545
15.78,-0.496995,0.5478059,-0.5031931
15.79,-0.404526545455,0.472279090909,-0.696769272727
15.8,-0.2775736,0.3717112,-0.8880044
15.81,-0.147184454545,0.268912272727,-1.02703409091
15.82,-0.0018202,0.2063694,-1.1557034
15.83,0.113121636364,0.190708181818,-1.28061136364
15.84,0.1926344,0.1661662,-1.3923676
15.85,0.229461454545,0.136472090909,-1.46590163636
15.86,0.222530090909,0.116238,-1.48458845455
15.87,0.1713826,0.0964608,-1.452767
15.88,0.0776416363636,0.0755004545455,-1.39163209091
15.89,-0.0479923,0.0580572,-1.3195066
15.9,-0.205203272727,0.044572,-1.24247381818
15.91,-0.3690558,0.0514052,-1.1734252
15.92,-0.556233545455,0.086332,-1.10786909091
15.93,-0.7218021,0.1386192,-1.0501963
15.94,-0.874435272727,0.178707454545,-0.996406090909
15.95,-0.975788,0.193472,-0.966887
15.96,-1.016251,0.201745,-0.948777
15.97,-0.971946454545,0.212229545455,-0.946530636364
15.98,-0.855055272727,0.252557272727,-0.946358363636
15.99,-0.6573872,0.291466,-0.9402996
16.0,-0.427525636364,0.300844454545,-0.924938363636
16.01,-0.1715855,0.2861572,-0.9053837
16.02,0.0830894545455,0.283659818182,-0.877783818182
16.03,0.319203,0.3081074,-0.8155476
16.04,0.491264272727,0.325905363636,-0.700129090909
16.05,0.576185,0.3258425,-0.541318
16.06,0.552031636364,0.336509181818,-0.368505090909
16.07,0.4273912,0.3696358,-0.2026168
16.08,0.226525545455,0.412167909091,-0.0523999090909
16.09,0.00127272727273,0.448589181818,0.0626516363636
16.1,-0.220476,0.4655844,0.1509618
16.11,-0.366500181818,0.449237090909,0.215141545455
16.12,-0.428652,0.4050907,0.2633567
16.13,-0.410478636364,0.340075545455,0.301179636364
16.14,-0.347275,0.273691,0.310886
16.15,-0.245843,0.192298,0.298547
16.16,-0.167113909091,0.128143454545,0.261674272727
16.17,-0.1071805,0.097734,0.2078408
16.18,-0.0936429090909,0.112048545455,0.146202272727
16.19,-0.1177648,0.1438644,0.0611326
16.2,-0.153914,0.174519363636,-0.0176992727273
16.21,-0.1799178,0.2054213,-0.0971015
16.22,-0.169620181818,0.245406636364,-0.155803090909
16.23,-0.123086545455,0.285983,-0.180916545455
16.24,-0.0323765,0.3077375,-0.1645515
16.25,0.0728162727273,0.289042454545,-0.0922705454545
16.26,0.1512798,0.2223666,0.0567612
16.27,0.179004454545,0.126313454545,0.286220363636
16.28,0.1156277,0.0608329,0.5498693
16.29,-0.0813226363636,0.0691264545455,0.844367545455
16.3,-0.3746432,0.156885,1.110427
16.31,-0.719383272727,0.299988454545,1.33824936364
16.32,-1.0110812,0.4002978,1.4716376
16.33,-1.19651145455,0.384423363636,1.50203
16.34,-1.235406,0.230737,1.41575
16.35,-1.13625236364,-0.0159193636364,1.18874727273
16.36,-0.9145058,-0.3083575,0.8364193
16.37,-0.635649636364,-0.562957,0.465183
16.38,-0.3086944,-0.7675454,0.1109226
16.39,0.00244254545455,-0.865046090909,-0.0847082727273
16.4,0.2394196,-0.8384238,-0.1352933
16.41,0.350579454545,-0.691747909091,-0.0648453636364
16.42,0.343481,-0.4856238,0.095689
16.43,0.216174454545,-0.305619545455,0.285973545455
16.44,-0.025231,-0.1822265,0.468818
16.45,-0.326332363636,-0.119291636364,0.613238818182
16.46,-0.614224363636,-0.116702363636,0.676728454545
16.47,-0.8726814,-0.1667734,0.6496398
16.48,-1.04035554545,-0.246268272727,0.561341363636
16.49,-1.0968144,-0.3247024,0.4680428
16.5,-1.05444727273,-0.370822727273,0.395735818182
16.51,-0.930213,-0.3901589,0.3291669
16.52,-0.729624636364,-0.406472181818,0.259552090909
16.53,-0.519871,-0.385654,0.204483
16.54,-0.307889,-0.334542,0.183857
16.55,-0.163302636364,-0.264980181818,0.195810636364
16.56,-0.0312158,-0.174954,0.2305967
16.57,0.0762320909091,-0.0520638181818,0.283433
16.58,0.185463909091,0.0795881818182,0.325526818182
16.59,0.298963,0.1814402,0.372738
16.6,0.380747363636,0.217265090909,0.454806181818
16.61,0.429655,0.2327334,0.6079466
16.62,0.435597,0.283352272727,0.793974636364
16.63,0.390316,0.3750125,0.946133
16.64,0.323511818182,0.379618636364,1.01307954545
16.65,0.2589164,0.339761,0.9965002
16.66,0.176429818182,0.428138090909,0.943826090909
16.67,0.0988229,0.520332,0.8861362
16.68,0.0753819090909,0.474906090909,0.784957636364
16.69,0.1034208,0.3713062,0.6530038
16.7,0.178263636364,0.216177181818,0.476083363636
16.71,0.280698818182,0.0727996363636,0.293580909091
16.72,0.396967,-0.127714,0.12166
16.73,0.520339,-0.289449,-0.099772
16.74,0.583916272727,-0.382014454545,-0.240715636364
16.75,0.6019263,-0.360599,-0.3781073
16.76,0.590927,-0.199850545455,-0.507216454545
16.77,0.582071,-0.0129332,-0.6398142
16.78,0.600942181818,0.0892724545455,-0.763873454545
16.79,0.65746,0.166022,-0.881905
16.8,0.723270454545,0.206057727273,-0.968151363636
16.81,0.7663936,0.2242996,-1.0018902
16.82,0.750080181818,0.273233272727,-0.965396636364
16.83,0.667023363636,0.367642363636,-0.886665272727
16.84,0.5353578,0.4915504,-0.811322
16.85,0.416348818182,0.614286363636,-0.795996363636
16.86,0.3843199,0.7042344,-0.8577476
16.87,0.485746727273,0.732986818182,-0.977035
16.88,0.6967734,0.6720296,-1.0999016
16.89,0.977147727273,0.507389454545,-1.207644
16.9,1.2194507,0.3157629,-1.2583469
16.91,1.39272609091,0.100323454545,-1.27004963636
16.92,1.435667,-0.101512,-1.290156
16.93,1.339027,-0.265966,-1.323018
16.94,1.13491881818,-0.369612363636,-1.33592345455
16.95,0.877526545455,-0.454600090909,-1.32819436364
16.96,0.5822912,-0.5373486,-1.310634
16.97,0.31312,-0.582595454545,-1.27600754545
16.98,0.0476671,-0.6045348,-1.2401427
16.99,-0.151908272727,-0.589290636364,-1.21006109091
17.0,-0.2860216,-0.5334256,-1.1752892
17.01,-0.351529272727,-0.44292,-1.12562854545
17.02,-0.349675,-0.32555,-1.071671
17.03,-0.289775272727,-0.225535,-1.02958118182
17.04,-0.2015672,-0.1860178,-0.9950874
17.05,-0.103981454545,-0.192292,-0.972326818182
17.06,-0.0183333636364,-0.212369090909,-0.975099181818
17.07,0.041526,-0.256656,-0.9888078
17.08,0.0641616363636,-0.336786363636,-1.005939
17.09,0.0503397,-0.4090356,-1.0201353
17.1,-0.0105962727273,-0.431482636364,-1.01766636364
17.11,-0.095409,-0.407679,-1.00483
17.12,-0.167325,-0.338193,-0.962996
17.13,-0.219002272727,-0.223381181818,-0.885480545455
17.14,-0.2669956,-0.0658786,-0.7375648
17.15,-0.305021272727,0.106409272727,-0.551837
17.16,-0.3363116,0.30557,-0.3457898
17.17,-0.366288909091,0.469369272727,-0.155861909091
17.18,-0.3923224,0.5690423,0.0536632
17.19,-0.408144818182,0.589941090909,0.219111545455
17.2,-0.417813909091,0.552018363636,0.332853363636
17.21,-0.413305,0.482859,0.400225
17.22,-0.390484727273,0.415367363636,0.411599363636
17.23,-0.353948,0.3606326,0.386451
17.24,-0.303289727273,0.311552090909,0.347951181818
17.25,-0.2485754,0.2517903,0.3104322
17.26,-0.193789181818,0.164160272727,0.283236727273
17.27,-0.1422424,0.0769542,0.265571
17.28,-0.0895361818182,-0.00438281818182,0.256218454545
17.29,-0.0370405,-0.0451721,0.2608404
17.3,0.0110543636364,-0.00478,0.284145727273
17.31,0.057078,0.0405,0.332663
17.32,0.0867089090909,0.0667218181818,0.407947545455
17.33,0.0771368,0.0993833,0.5074227
17.34,-0.0356211818182,0.126277272727,0.668878272727
17.35,-0.2665586,0.1872656,0.9210438
17.36,-0.558820181818,0.307735636364,1.19231427273
17.37,-0.9097253,0.4987898,1.4268209
17.38,-1.24283445455,0.702375545455,1.55420345455
17.39,-1.511955,0.8525344,1.5729736
17.4,-1.64288663636,0.843518181818,1.48120218182
17.41,-1.6129385,0.6326915,1.2606395
17.42,-1.43641763636,0.277673,0.923178636364
17.43,-1.1582088,-0.1061418,0.5307038
17.44,-0.810136454545,-0.421070454545,0.134989727273
17.45,-0.465004818182,-0.592874454545,-0.159928272727
17.46,-0.142285,-0.6459174,-0.3008314
17.47,0.124282090909,-0.532879181818,-0.276737545455
17.48,0.2566615,-0.3018701,-0.1155265
17.49,0.266460272727,0.0254065454545,0.193832363636
17.5,0.165773,0.301362,0.503766
17.51,-0.075252,0.483173,0.821083
17.52,-0.343163818182,0.487985727273,1.02774845455
17.53,-0.6396211,0.3435544,1.1478992
17.54,-0.883737363636,0.127332272727,1.15228154545
17.55,-1.0813478,-0.1606134,1.0824198
17.56,-1.17728790909,-0.422537272727,0.965911181818
17.57,-1.17165727273,-0.627027,0.824331
17.58,-1.0731738,-0.741619,0.663574
17.59,-0.905348454545,-0.766654272727,0.523210363636
17.6,-0.6861545,-0.7226185,0.418455
17.61,-0.436599181818,-0.626179090909,0.365986
17.62,-0.1790654,-0.5187428,0.3703564
17.63,0.0635339090909,-0.41903,0.420473727273
17.64,0.2425204,-0.3195125,0.5048933
17.65,0.349850818182,-0.197490272727,0.617001454545
17.66,0.3944314,-0.071026,0.7101758
17.67,0.393097909091,0.0392956363636,0.756414090909
17.68,0.353417272727,0.0547700909091,0.754149909091
17.69,0.29929,0.031781,0.714269
17.7,0.248235,0.01142,0.649628
17.71,0.238493181818,-0.00676272727273,0.583199818182
17.72,0.2613771,-0.0605236,0.5167133
17.73,0.293009636364,-0.133492272727,0.473851272727
17.74,0.320322,-0.2387426,0.4403776
17.75,0.335649818182,-0.345332909091,0.401134454545
17.76,0.3385436,-0.4329504,0.3286825
17.77,0.329164636364,-0.480745545455,0.240983545455
17.78,0.308125,-0.5108948,0.1419936
17.79,0.293013545455,-0.532968909091,0.0217936363636
17.8,0.283646,-0.5350425,-0.105374
17.81,0.272424818182,-0.524234272727,-0.216028
17.82,0.258499181818,-0.514616272727,-0.308259272727
17.83,0.2359675,-0.5024249,-0.3979112
17.84,0.204722909091,-0.493983727273,-0.500901545455
17.85,0.180066,-0.4863754,-0.619482
17.86,0.164974727273,-0.460945,-0.764288181818
17.87,0.1563298,-0.4271178,-0.9152597
17.88,0.166803090909,-0.419579181818,-1.09989636364
17.89,0.196134,-0.449961,-1.25375
17.9,0.211918,-0.44275,-1.348978
17.91,0.157920727273,-0.321453636364,-1.33145163636
17.92,-0.0223544,-0.0107193,-1.1485614
17.93,-0.248937181818,0.374133181818,-0.886789909091
17.94,-0.421307727273,0.764352090909,-0.676708454545
17.95,-0.4589211,1.0931182,-0.5995878
17.96,-0.318465454545,1.22872509091,-0.662387454545
17.97,-0.0036326,1.1508912,-0.798501
17.98,0.385421,0.874062727273,-0.949486818182
17.99,0.7604205,0.471393,-1.0858985
18.0,1.03402318182,0.0483146363636,-1.18856518182
18.01,1.143789,-0.2764542,-1.245097
18.02,1.07764918182,-0.445621636364,-1.24422436364
18.03,0.8737828,-0.5075424,-1.195064
18.04,0.579156,-0.535565090909,-1.123751
18.05,0.273209272727,-0.560156727273,-1.052949
18.06,-0.0397639,-0.5707276,-0.9710738
18.07,-0.339730818182,-0.544819909091,-0.887230090909
18.08,-0.542119,-0.460559,-0.829831
18.09,-0.674895,-0.325236,-0.766844
18.1,-0.694637727273,-0.190034181818,-0.696090363636
18.11,-0.6229659,-0.0195675,-0.5925575
18.12,-0.485327,0.107018090909,-0.478662363636
18.13,-0.3010494,0.1989666,-0.3504796
18.14,-0.112305818182,0.243516909091,-0.239665636364
18.15,0.0799341,0.2562143,-0.1546303
18.16,0.222566636364,0.236182272727,-0.115781545455
18.17,0.317325363636,0.185686090909,-0.122115545455
18.18,0.376928,0.110673,-0.1784685
18.19,0.409033363636,0.0157562727273,-0.263003272727
18.2,0.4282174,-0.0962698,-0.3362028
18.21,0.439549727273,-0.218565181818,-0.377369090909
18.22,0.4450182,-0.3272377,-0.3754097
18.23,0.441945363636,-0.390963636364,-0.328862
18.24,0.4219486,-0.3882548,-0.2550252
18.25,0.371566090909,-0.289070545455,-0.150856727273
18.26,0.3106459,-0.123122,-0.0124703
18.27,0.255120909091,0.115458181818,0.206493272727
18.28,0.22674,0.31021,0.408686
18.29,0.217791,0.50612,0.600827
18.3,0.213913727273,0.620404545455,0.718433363636
18.31,0.227235454545,0.652197545455,0.768983181818
18.32,0.2540668,0.635323,0.7769046
18.33,0.286728636364,0.565806454545,0.751687818182
18.34,0.3363264,0.4680669,0.715788
18.35,0.392648727273,0.404785454545,0.697082727273
18.36,0.44739,0.3884662,0.6973572
18.37,0.492352727273,0.381175,0.699823090909
18.38,0.5250705,0.3514535,0.6868365
18.39,0.542384636364,0.310926090909,0.659484909091
18.4,0.5468314,0.2923438,0.6207088
18.41,0.553337636364,0.314081454545,0.567721636364
18.42,0.575582636364,0.358728636364,0.526408454545
18.43,0.6068666,0.4009782,0.524869
18.44,0.632358090909,0.421318090909,0.576232090909
18.45,0.631166,0.4287112,0.6679647
18.46,0.550567,0.398522636364,0.812892272727
18.47,0.378807,0.364009,1.009125
18.48,0.025777,0.429129,1.290631
18.49,-0.441602090909,0.623281727273,1.57032736364
18.5,-1.0137141,0.9071872,1.8424544
18.51,-1.52363290909,1.10346609091,1.96450845455
18.52,-1.8986696,1.1308186,1.9175182
18.53,-2.012151,0.968207545455,1.69154063636
18.54,-1.893273,0.671605909091,1.33392590909
18.55,-1.5735954,0.2775694,0.8846374
18.56,-1.15229518182,-0.0655155454545,0.463557181818
18.57,-0.7132575,-0.2483155,0.1349005
18.58,-0.324753454545,-0.241750909091,-0.0370693636364
18.59,-0.028068,-0.0934984,-0.0312054
18.6,0.128258909091,0.141562727273,0.123977727273
18.61,0.0924923,0.3865037,0.3481086
18.62,-0.116941545455,0.595974727273,0.570455909091
18.63,-0.409988,0.6828876,0.7342184
18.64,-0.736477454545,0.591337818182,0.830111272727
18.65,-1.00915027273,0.372266454545,0.835768727273
18.66,-1.202673,0.075341,0.781496
18.67,-1.327036,-0.284936,0.690648
18.68,-1.36120145455,-0.534635090909,0.606424363636
18.69,-1.3500434,-0.7300452,0.5129178
18.7,-1.29839545455,-0.819060272727,0.447367818182
18.71,-1.2263332,-0.8557378,0.4157564
18.72,-1.15294136364,-0.824643090909,0.432091454545
18.73,-1.0763636,-0.7518561,0.4814625
18.74,-1.01564909091,-0.665731090909,0.563990363636
18.75,-0.9908238,-0.5718132,0.6546266
18.76,-1.01442081818,-0.489643272727,0.710527
18.77,-1.0718735,-0.3868745,0.7088615
18.78,-1.13747390909,-0.220740272727,0.637761
18.79,-1.18192227273,-0.0227411818182,0.513873181818
18.8,-1.1817569,0.1406189,0.3550673
18.81,-1.10688454545,0.227559818182,0.184661363636
18.82,-0.9538308,0.3303376,0.0269016
18.83,-0.692878545455,0.455987818182,-0.106397454545
18.84,-0.356652,0.5936063,-0.1579703
18.85,0.129784272727,0.701246545455,-0.136106909091
18.86,0.587117,0.662252,-0.073326
18.87,0.998001,0.487258,0.06872
18.88,1.21394281818,0.312224363636,0.223067272727
18.89,1.2408128,0.1591513,0.3606698
18.9,1.10189081818,0.107686272727,0.411139090909
18.91,0.903326090909,0.127383181818,0.389284909091
18.92,0.7090909,0.1105009,0.3044177
18.93,0.598370454545,-0.0121970909091,0.203889727273
18.94,0.5542988,-0.2424618,0.1345608
18.95,0.531806909091,-0.548854454545,0.113813636364
18.96,0.490024,-0.8591485,0.138287
18.97,0.414392454545,-1.05794845455,0.198195363636
18.98,0.3173014,-1.0793158,0.2745482
18.99,0.225909090909,-0.935982454545,0.336269545455
19.0,0.170985,-0.7187533,0.3438521
19.01,0.155975818182,-0.490485636364,0.310433454545
19.02,0.163524545455,-0.291005090909,0.282331454545
19.03,0.1864497,-0.1085774,0.2956171
19.04,0.208641818182,0.130513090909,0.340728545455
19.05,0.23133,0.328514,0.362174
19.06,0.298071,0.446936,0.308734
19.07,0.393501,0.380438727273,0.189822181818
19.08,0.5249283,0.1632286,0.0221473
19.09,0.660874272727,-0.092646,-0.122370454545
19.1,0.7871366,-0.3657,-0.2077622
19.11,0.853107818182,-0.564736,-0.286215363636
19.12,0.8590596,-0.6129133,-0.3787155
19.13,0.802132272727,-0.453169727273,-0.451670272727
19.14,0.718043545455,-0.142581,-0.461590272727
19.15,0.6343575,0.3126425,-0.4103325
19.16,0.573711909091,0.826926454545,-0.299107454545
19.17,0.5411258,1.1855514,-0.130786
19.18,0.548911454545,1.16588909091,0.0639190909091
19.19,0.5922494,0.8148722,0.2159425
19.2,0.616648727273,0.328878545455,0.267758818182
19.21,0.5823676,-0.1713358,0.2350124
19.22,0.488839454545,-0.536544454545,0.144191636364
19.23,0.3813336,-0.7750725,0.0154597
19.24,0.242404818182,-0.940688272727,-0.125789
19.25,0.082553,-0.877711,-0.211199
19.26,-0.135978,-0.646388,-0.223849
19.27,-0.299163454545,-0.429961636364,-0.172058090909
19.28,-0.450434545455,-0.207323636364,-0.100319909091
19.29,-0.5802064,0.0408164,-0.0946322
19.3,-0.664449454545,0.256346818182,-0.124423636364
19.31,-0.7270837,0.3890974,-0.1346951
19.32,-0.773315272727,0.428677909091,-0.120867818182
19.33,-0.8427864,0.4431392,-0.0656206
19.34,-0.959477272727,0.452147818182,0.0522342727273
19.35,-1.1115115,0.402218,0.1561335
19.36,-1.26491254545,0.331276818182,0.158149090909
19.37,-1.4073308,0.323425,0.0735232
19.38,-1.54267890909,0.378206636364,-0.0141092727273
19.39,-1.62405690909,0.463841636364,-0.0273852727273
19.4,-1.5948098,0.5547104,0.0333784
19.41,-1.41859536364,0.635592181818,0.175936909091
19.42,-1.1301947,0.6958993,0.3283776
19.43,-0.718847272727,0.636510272727,0.422420727273
19.44,-0.31979,0.479453,0.414018
19.45,0.182211,0.258872,0.251632
19.46,0.546608272727,-0.0378707272727,-0.0140543636364
19.47,0.7979464,-0.3948264,-0.3158367
19.48,0.842734272727,-0.631630818182,-0.524164363636
19.49,0.6758458,-0.7849626,-0.5640856
19.5,0.383994,-0.749858909091,-0.459002636364
19.51,0.0173777272727,-0.392485272727,-0.296217636364
19.52,-0.3975668,0.1426172,-0.159534
19.53,-0.749789090909,0.576758545455,-0.132558545455
19.54,-0.981323,0.8230965,-0.2125245
19.55,-1.04997963636,0.874228090909,-0.344488181818
19.56,-0.9484096,0.795219,-0.4545616
19.57,-0.690303272727,0.719292363636,-0.476859
19.58,-0.3333398,0.7197274,-0.3918551
19.59,0.0946211818182,0.701973727273,-0.249477909091
19.6,0.499155,0.5907842,-0.1024336
19.61,0.844745181818,0.356880818182,0.101820727273
19.62,1.05773818182,0.00249018181818,0.310385909091
19.63,1.21243,-0.470068,0.522925
19.64,1.326263,-0.563041,0.690157
19.65,1.39774118182,-0.586973727273,0.677283363636
19.66,1.4475058,-0.7208381,0.5895168
19.67,1.48529636364,-0.807824,0.484837727273
19.68,1.5046628,-0.843596,0.4199974
19.69,1.49479963636,-0.758524545455,0.366435545455
19.7,1.4417881,-0.5301126,0.3142405
19.71,1.38094872727,-0.250772181818,0.309907090909
19.72,1.3579288,0.067023,0.363365
19.73,1.32890545455,0.272015363636,0.501187909091
19.74,1.262216,0.311288,0.716263
19.75,1.14558927273,0.307096090909,0.936607181818
19.76,0.963824909091,0.349257,1.10743245455
19.77,0.7200359,0.4123278,1.2247455
19.78,0.477055454545,0.469884,1.23144290909
19.79,0.3249602,0.4332856,1.087904
19.8,0.304495727273,-0.0167534545455,0.761863454545
19.81,0.398144,-0.4579507,0.4106943
19.82,0.458979909091,-0.255823,0.131052454545
19.83,0.534359,-0.166243,-0.022723
19.84,0.573101,-0.140061,-0.020423
19.85,0.559613727273,-0.0549682727273,0.0852706363636
19.86,0.5299663,0.0840581,0.1867643
19.87,0.512667454545,0.315704636364,0.236659272727
19.88,0.483623818182,0.616605545455,0.245635090909
19.89,0.4204362,0.8578335,0.2210373
19.9,0.327519272727,0.919083818182,0.186982636364
19.91,0.2114196,0.854748,0.1527144
19.92,0.112363090909,0.787795272727,0.122272181818
19.93,0.0538475,0.760894,0.094456
19.94,0.0332078181818,0.689737727273,0.0860434545455
19.95,0.0348828,0.5009926,0.104614
19.96,0.0440971818182,0.230910818182,0.136690363636
19.97,0.0481451,-0.0163129,0.1748549
19.98,0.0393700909091,-0.185629090909,0.218172818182
